barcode,is_cell,contig_id,high_confidence,length,chain,v_gene,d_gene,j_gene,c_gene,full_length,productive,cdr3,cdr3_nt,reads,umis,raw_clonotype_id,raw_consensus_id
P104_CD3--GGCTGGTGTCTCCATC,TRUE,GGCTGGTGTCTCCATC-1_21311,TRUE,None,IGK,IGKV1-5*01,None,IGKJ1*01,IGKC,None,TRUE,CQQYNSYSQTF,TGCCAACAGTATAATAGTTATTCTCAGACGTTC,1,1,None,None
P104_CD3--CTCATTAGTGCCTTGG,TRUE,CTCATTAGTGCCTTGG-1_962,TRUE,None,IGL,IGLV2-14*01,None,IGLJ3*02,None,None,TRUE,CSSYTSSSTWVF,TGCAGCTCATATACAAGCAGCAGCACTTGGGTGTTC,1,1,None,None
P104_CD3--TTAGGCATCTTAGCCC,TRUE,TTAGGCATCTTAGCCC-1_1187,TRUE,None,IGH,IGHV3-21*01,IGHD3-3*01,IGHJ6*04,IGHM,None,TRUE,CARGYDFWSGYYFVGNYYYMDVW,TGTGCGAGAGGGTACGATTTTTGGAGTGGTTATTATTTCGTGGGGAACTACTACTACATGGACGTCTGG,4.9,4.9,None,None
P104_CD3--TTAGGCATCTTAGCCC,TRUE,TTAGGCATCTTAGCCC-1_971,TRUE,None,IGL,IGLV3-19*01,None,IGLJ3*02,IGLC2,None,TRUE,CNSRDSSGNHLVF,TGTAACTCCCGGGACAGCAGTGGTAACCATCTGGTGTTC,2.13,2.13,None,None
P104_CD3--CAGCGACAGAGATGAG,TRUE,CAGCGACAGAGATGAG-1_9196,TRUE,None,IGK,IGKV1D-16*01,None,IGKJ5*01,IGKC,None,TRUE,CQQYNSYPITF,TGCCAACAGTATAATAGTTACCCCATCACCTTC,2,2,None,None
P104_CD3--AGTGTCAAGCGTGTCC,TRUE,AGTGTCAAGCGTGTCC-1_1030,TRUE,None,IGK,IGKV3-15*01,None,IGKJ1*01,IGKC,None,TRUE,CQQYNNWWTF,TGTCAGCAGTATAATAACTGGTGGACGTTC,5.97,5.97,None,None
P104_CD3--GATGCTATCGGAATCT,TRUE,GATGCTATCGGAATCT-1_31797,TRUE,None,IGK,IGKV1-39*01,None,IGKJ2*01,None,None,TRUE,CQQSYSTSYTF,TGTCAACAGAGTTACAGTACCTCGTACACTTTT,1,1,None,None
P104_CD3--TCTCTAACAGATCGGA,TRUE,TCTCTAACAGATCGGA-1_3042,TRUE,None,IGK,IGKV1D-8*01,None,IGKJ1*01,IGKC,None,FALSE,CQQYNSYPWTF,TGCCAACAGTATAATAGTTACCCGTGGACGTTC,1.88,1.88,None,None
P104_CD3--GCATGCGGTCGGCACT,TRUE,GCATGCGGTCGGCACT-1_305,TRUE,None,IGK,IGKV1-39*01,None,IGKJ2*02,None,None,TRUE,CQQSYSTPPCTF,TGTCAACAGAGTTACAGTACCCCTCCGTGCACTTTT,3.83,3.83,None,None
P104_CD3--CGTAGCGCAACACGCC,TRUE,CGTAGCGCAACACGCC-1_351,TRUE,None,IGK,IGKV3-20*01,None,IGKJ5*01,IGKC,None,TRUE,CQQYGSSPSITF,TGTCAGCAGTATGGTAGCTCACCCTCGATCACCTTC,1.06,1.06,None,None
P104_CD3--GAATAAGCATGCGCAC,TRUE,GAATAAGCATGCGCAC-1_18222,TRUE,None,IGH,IGHV1-46*01,IGHD3-10*01,IGHJ6*03,IGHD,None,TRUE,CARAGFGDPIAGMDVW,TGTGCGAGAGCGGGGTTCGGGGATCCCATTGCTGGCATGGACGTCTGG,5,5,None,None
P104_CD3--GAATAAGCATGCGCAC,TRUE,GAATAAGCATGCGCAC-1_976,TRUE,None,IGL,IGLV3-19*01,None,IGLJ2*01,IGLC2,None,TRUE,CNSRDSSGNHVVF,TGTAACTCCCGGGACAGCAGTGGTAACCATGTGGTATTC,10.54,10.54,None,None
P104_CD3--TAGCCGGTCTACTTAC,TRUE,TAGCCGGTCTACTTAC-1_50448,TRUE,None,IGH,IGHV2-26*01,IGHD3-16*01,IGHJ4*02,None,None,TRUE,CARSPAGWLVSLFDYW,TGTGCACGGAGTCCTGCTGGGTGGCTGGTCTCGCTCTTTGACTACTGG,4,4,None,None
P104_CD3--TAGCCGGTCTACTTAC,TRUE,TAGCCGGTCTACTTAC-1_301,TRUE,None,IGK,IGKV3-20*01,None,IGKJ1*01,IGKC,None,TRUE,CQQYGSSRWTF,TGTCAGCAGTATGGTAGCTCACGGTGGACGTTC,5.52,5.52,None,None
P104_CD3--TGCCAAAGTCTAGGTT,TRUE,TGCCAAAGTCTAGGTT-1_967,TRUE,None,IGL,IGLV3-19*01,None,IGLJ2*01,None,None,TRUE,CNSRDSSGNHVVF,TGTAACTCCCGGGACAGCAGTGGTAACCATGTGGTATTC,2.31,2.31,None,None
P104_CD3--GTTCGGGTCTCTTGAT,TRUE,GTTCGGGTCTCTTGAT-1_7875,TRUE,None,IGL,IGLV8-61*01,None,IGLJ3*02,None,None,TRUE,CVLYMGSAWVF,TGTGTGCTGTATATGGGTAGTGCCTGGGTGTTC,1,1,None,None
P104_CD3--GCGCCAAAGGCCATAG,TRUE,GCGCCAAAGGCCATAG-1_4199,TRUE,None,IGK,IGKV2-24*01,None,IGKJ1*01,IGKC,None,TRUE,CMQATQFPWTF,TGCATGCAAGCTACACAATTTCCGTGGACGTTC,3,3,None,None
P104_CD3--CAAGATCCACACAGAG,TRUE,CAAGATCCACACAGAG-1_28716,TRUE,None,IGK,IGKV3-11*01,None,IGKJ4*01,None,None,TRUE,CQQRSNRPPLTF,TGTCAGCAGCGTAGCAACCGGCCTCCGCTCACTTTC,1,1,None,None
P104_CD3--CTACATTTCGGTTCGG,TRUE,CTACATTTCGGTTCGG-1_37523,TRUE,None,IGL,IGLV2-23*01,None,IGLJ3*02,None,None,TRUE,CCSYAGFSTWVF,TGCTGCTCATATGCAGGTTTTAGCACTTGGGTGTTT,1,1,None,None
P104_CD3--GCTGCGAGTGACGCCT,TRUE,GCTGCGAGTGACGCCT-1_7756,TRUE,None,IGH,IGHV1-58*01,IGHD3-22*01,IGHJ6*02,None,None,TRUE,CAATYYFYYYYGMDVW,TGTGCGGCAACTTATTACTTCTACTACTACTACGGTATGGACGTCTGG,3.83,3.83,None,None
P104_CD3--GCTGCGAGTGACGCCT,TRUE,GCTGCGAGTGACGCCT-1_271,TRUE,None,IGK,IGKV3-20*01,None,IGKJ1*01,IGKC,None,TRUE,CQQYGSSPWTF,TGTCAGCAGTATGGTAGCTCACCGTGGACGTTC,9.24,9.24,None,None
P104_CD3--ACAGCCGTCCGAACGC,TRUE,ACAGCCGTCCGAACGC-1_54545,TRUE,None,IGK,IGKV3-15*01,None,IGKJ2*01,None,None,TRUE,FQQYYYWPPYTF,TTTCAGCAGTATTATTACTGGCCTCCGTACACTTTT,1,1,None,None
P104_CD3--TGGGAAGGTCGAGATG,TRUE,TGGGAAGGTCGAGATG-1_627,TRUE,None,IGH,IGHV4-34*01,IGHD4-17*01,IGHJ4*02,None,None,TRUE,CARADYGDYVLFHW,TGTGCGAGAGCCGACTACGGTGACTACGTACTGTTTCACTGG,2.38,2.38,None,None
P104_CD3--TGGGAAGGTCGAGATG,TRUE,TGGGAAGGTCGAGATG-1_373,TRUE,None,IGL,IGLV2-14*01,None,IGLJ3*02,IGLC2,None,TRUE,CSSYTSSSTVF,TGCAGCTCATATACAAGCAGCAGCACCGTGTTC,5,5,None,None
P104_CD3--CAGATCACACGAGAGT,TRUE,CAGATCACACGAGAGT-1_615,TRUE,None,IGK,IGKV1-39*01,None,IGKJ2*01,IGKC,None,TRUE,CQQSYSTPYTF,TGTCAACAGAGTTACAGTACCCCTTACACTTTT,2.7,2.7,None,None
P104_CD3--CGATGTAGTCAACTGT,TRUE,CGATGTAGTCAACTGT-1_21365,TRUE,None,IGK,IGKV2-30*01,None,IGKJ1*01,IGKC,None,TRUE,GMQGTHWPRTF,GGCATGCAAGGTACACACTGGCCTCGGACGTTC,1,1,None,None
P104_CD3--TAGAGCTAGGGTATCG,TRUE,TAGAGCTAGGGTATCG-1_20818,TRUE,None,IGL,IGLV5-45*01,None,IGLJ2*01,None,None,TRUE,CMIWHSSAVVF,TGTATGATTTGGCACAGCAGCGCTGTGGTATTC,2,2,None,None
P104_CD3--GCTGCTTCAGTCCTTC,TRUE,GCTGCTTCAGTCCTTC-1_9,TRUE,None,IGK,IGKV4-1*01,None,IGKJ3*01,None,None,TRUE,CQQYYSTPPTF,TGTCAGCAATATTATAGTACTCCCCCCACTTTC,2,2,None,None
P104_CD3--GCAGTTATCGCCAGCA,TRUE,GCAGTTATCGCCAGCA-1_2930,TRUE,None,IGH,IGHV1-8*01,IGHD3-16*01,IGHJ6*02,IGHM,None,TRUE,CASAPPHGGAPLLYGMDVW,TGTGCGAGCGCACCCCCCCACGGCGGGGCTCCACTACTCTACGGTATGGACGTCTGG,3.95,3.95,None,None
P104_CD3--GCAGTTATCGCCAGCA,TRUE,GCAGTTATCGCCAGCA-1_2647,TRUE,None,IGL,IGLV1-44*01,None,IGLJ3*02,None,None,TRUE,CAAWDDSLNGRVF,TGTGCAGCATGGGATGACAGCCTGAATGGTCGAGTGTTC,3,3,None,None
P104_CD3--CCTAAAGGTCGCGAAA,TRUE,CCTAAAGGTCGCGAAA-1_1840,TRUE,None,IGL,IGLV1-40*01,None,IGLJ2*01,None,None,TRUE,CQSYDSSLSGSRVF,TGCCAGTCCTATGACAGCAGCCTGAGTGGTTCGAGGGTATTC,1,1,None,None
P104_CD3--AGGCCACCAGATAATG,TRUE,AGGCCACCAGATAATG-1_45687,TRUE,None,IGH,IGHV4-39*01,IGHD1-26*01,IGHJ5*02,None,None,TRUE,CARQVNWWELLPDWFDPW,TGTGCGAGACAGGTAAACTGGTGGGAGCTACTTCCGGACTGGTTCGACCCCTGG,1,1,None,None
P104_CD3--AGGCCACCAGATAATG,TRUE,AGGCCACCAGATAATG-1_2660,TRUE,None,IGL,IGLV1-47*01,None,IGLJ2*01,None,None,TRUE,CAAWDDSLSGVVF,TGTGCAGCATGGGATGACAGCCTGAGTGGTGTGGTATTC,1.56,1.56,None,None
P104_CD3--ACGCCAGAGTGGGCTA,TRUE,ACGCCAGAGTGGGCTA-1_1962,TRUE,None,IGL,IGLV1-44*01,None,IGLJ2*01,None,None,TRUE,CAAWDDSLNGAFVVF,TGTGCAGCATGGGATGACAGCCTGAATGGTGCCTTTGTGGTATTC,2.16,2.16,None,None
P104_CD3--CGTGAGCTCAAACGGG,TRUE,CGTGAGCTCAAACGGG-1_3291,TRUE,None,IGH,IGHV5-51*01,IGHD4-17*01,IGHJ4*02,IGHM,None,TRUE,CARLTGYYFDYW,TGTGCGAGACTTACCGGATACTACTTTGACTACTGG,2.78,2.78,None,None
P104_CD3--CGTGAGCTCAAACGGG,TRUE,CGTGAGCTCAAACGGG-1_1971,TRUE,None,IGL,IGLV1-44*01,None,IGLJ2*01,IGLC2,None,TRUE,CAAWDDSLNGVVF,TGTGCAGCATGGGATGACAGCCTGAATGGTGTGGTATTC,7.13,7.13,None,None
P104_CD3--GAAACTCAGTGCTGCC,TRUE,GAAACTCAGTGCTGCC-1_12,TRUE,None,IGK,IGKV4-1*01,None,IGKJ2*01,None,None,FALSE,CQQYYSTPYTF,TGTCAGCAATATTATAGTACTCCGTACACTTTT,1,1,None,None
P104_CD3--ACTATCTGTAAACACA,TRUE,ACTATCTGTAAACACA-1_19338,TRUE,None,IGL,IGLV3-9*01,None,IGLJ2*01,IGLC2,None,FALSE,CQVWDSSTVVF,TGTCAGGTGTGGGACAGCAGCACTGTGGTATTC,6,6,None,None
P104_CD3--TAGAGCTTCCGTAGTA,TRUE,TAGAGCTTCCGTAGTA-1_21304,TRUE,None,IGK,IGKV6-21*01,None,IGKJ1*01,IGKC,None,TRUE,CHQSSSLPPTF,TGTCATCAGAGTAGTAGTTTACCTCCGACGTTC,1,1,None,None
P104_CD3--GAGCAGACAGGACCCT,TRUE,GAGCAGACAGGACCCT-1_992,TRUE,None,IGK,IGKV1-27*01,None,IGKJ1*01,IGKC,None,TRUE,CQKYNSAPWTF,TGTCAAAAGTATAACAGTGCCCCCTGGACGTTC,30.36,30.36,None,None
P104_CD3--CACCACTAGTACACCT,TRUE,CACCACTAGTACACCT-1_1904,TRUE,None,IGL,IGLV3-1*01,None,IGLJ2*01,IGLC2,None,TRUE,CQAWDSSTVVF,TGTCAGGCGTGGGACAGCAGCACTGTGGTATTC,1.18,1.18,None,None
P104_CD3--TACTCGCTCTCGGACG,TRUE,TACTCGCTCTCGGACG-1_11878,TRUE,None,IGK,IGKV1-5*03,None,IGKJ3*01,IGKC,None,FALSE,CQQYNSYSPGITF,TGCCAACAGTATAATAGTTATTCTCCGGGGATCACTTTC,2.49,2.49,None,None
P104_CD3--ACGATGTCAAGGGTCA,TRUE,ACGATGTCAAGGGTCA-1_774,TRUE,None,IGL,IGLV2-14*01,None,IGLJ2*01,IGLC2,None,TRUE,CSSYTSSSTLVF,TGCAGCTCATATACAAGCAGCAGCACTCTAGTATTC,10.72,10.72,None,None
P104_CD3--GTGCTTCAGCTATGCT,TRUE,GTGCTTCAGCTATGCT-1_4628,TRUE,None,IGH,IGHV2-5*02,IGHD1-1*01,IGHJ4*02,IGHM,None,TRUE,CAHSPEMGGYYW,TGTGCACACAGTCCTGAGATGGGTGGGTACTACTGG,1.67,1.67,None,None
P104_CD3--GTGCTTCAGCTATGCT,TRUE,GTGCTTCAGCTATGCT-1_17,TRUE,None,IGK,IGKV4-1*01,None,IGKJ2*01,IGKC,None,TRUE,CQQYYSTPYTF,TGTCAGCAATATTATAGTACTCCGTACACTTTT,5.64,5.64,None,None
P104_CD3--TCGTACCCATCGATTG,TRUE,TCGTACCCATCGATTG-1_1164,TRUE,None,IGH,IGHV4-34*01,IGHD5-18*01,IGHJ4*02,IGHM,None,FALSE,CATGRYSSDYW,TGTGCGACGGGGCGATACAGCTCTGACTACTGG,3.73,3.73,None,None
P104_CD3--TCGTACCCATCGATTG,TRUE,TCGTACCCATCGATTG-1_1585,TRUE,None,IGK,IGKV1-33*01,None,IGKJ4*01,IGKC,None,FALSE,CQQYDNLPPLTF,TGTCAACAGTATGATAATCTCCCTCCGCTCACTTTC,23.72,23.72,None,None
P104_CD3--ACTTACTGTACGCACC,TRUE,ACTTACTGTACGCACC-1_1952,TRUE,None,IGK,IGKV1-8*01,None,IGKJ2*01,IGKC,None,TRUE,CQQYYSYPYTF,TGTCAACAGTATTATAGTTACCCGTACACTTTT,8.3,8.3,None,None
P104_CD3--GGGTTGCCAGATGGGT,TRUE,GGGTTGCCAGATGGGT-1_19747,TRUE,None,IGH,IGHV3-15*01,IGHD2-15*01,IGHJ4*01,None,None,TRUE,CTIVVVADYW,TGTACCATAGTGGTGGTAGCCGACTACTGG,3,3,None,None
P104_CD3--GGGTTGCCAGATGGGT,TRUE,GGGTTGCCAGATGGGT-1_15988,TRUE,None,IGK,IGKV1-33*01,None,IGKJ2*02,IGKC,None,TRUE,CQQYDNLPLTF,TGTCAACAGTATGATAATCTCCCTCTAACTTTT,3.55,3.55,None,None
P104_CD3--CACACAATCAAAGACA,TRUE,CACACAATCAAAGACA-1_4042,TRUE,None,IGH,IGHV1-2*04,IGHD3-9*01,IGHJ5*02,None,None,TRUE,CARGDILTGYYYNWVDPW,TGTGCGAGAGGAGATATTTTGACTGGTTATTATTACAACTGGGTCGACCCCTGG,3.72,3.72,None,None
P104_CD3--CACACAATCAAAGACA,TRUE,CACACAATCAAAGACA-1_1949,TRUE,None,IGK,IGKV1-8*01,None,IGKJ2*01,IGKC,None,TRUE,CQQYYSYPYTF,TGTCAACAGTATTATAGTTACCCGTACACTTTT,9.67,9.67,None,None
P104_CD3--GGACAAGTCGGCTTGG,TRUE,GGACAAGTCGGCTTGG-1_322,TRUE,None,IGK,IGKV3-11*01,None,IGKJ4*01,None,None,TRUE,CQQRSNWPRVTF,TGTCAGCAGCGTAGCAACTGGCCTCGGGTCACTTTC,4.08,4.08,None,None
P104_CD3--AGCTCTCTCCTACAGA,TRUE,AGCTCTCTCCTACAGA-1_34120,TRUE,None,IGL,IGLV2-14*03,None,IGLJ2*01,None,None,TRUE,CSSYTSSSTLVVF,TGCAGCTCATATACAAGCAGCAGCACTCTCGTGGTGTTC,2,2,None,None
P104_CD3--AACGTTGTCAATCTCT,TRUE,AACGTTGTCAATCTCT-1_3445,TRUE,None,IGH,IGHV4-39*01,IGHD1-26*01,IGHJ4*02,None,None,TRUE,CARGGIVGATYFDYW,TGTGCGAGAGGCGGTATAGTGGGAGCTACTTACTTTGACTACTGG,1.64,1.64,None,None
P104_CD3--AACGTTGTCAATCTCT,TRUE,AACGTTGTCAATCTCT-1_5123,TRUE,None,IGL,IGLV9-49*01,None,IGLJ3*02,IGLC2,None,TRUE,CGADHGSGSNFVIVF,TGTGGGGCAGACCATGGCAGTGGGAGCAACTTCGTGATAGTGTTC,6.76,6.76,None,None
P104_CD3--TCGTAGAGTACCCAAT,TRUE,TCGTAGAGTACCCAAT-1_972,TRUE,None,IGL,IGLV3-19*01,None,IGLJ2*01,IGLC2,None,TRUE,CNSRDSSGNHLVF,TGTAACTCCCGGGACAGCAGTGGTAACCATCTGGTATTC,3.72,3.72,None,None
P104_CD3--TTAGGACCAAGTTAAG,TRUE,TTAGGACCAAGTTAAG-1_1068,TRUE,None,IGK,IGKV1-5*03,None,IGKJ1*01,None,None,FALSE,CQQYNSYWTF,TGCCAACAGTATAATAGTTATTGGACGTTC,4.4,4.4,None,None
P104_CD3--ACATCAGCATCTCCCA,TRUE,ACATCAGCATCTCCCA-1_13030,TRUE,None,IGK,IGKV3-20*01,None,IGKJ2*01,None,None,FALSE,CQQYGSSSYTF,TGTCAGCAGTATGGTAGCTCATCGTACACTTTT,7.39,7.39,None,None
P104_CD3--ATGGGAGCATACCATG,TRUE,ATGGGAGCATACCATG-1_35556,TRUE,None,IGH,IGHV1-69*01,IGHD1-1*01,IGHJ5*02,None,None,TRUE,CARDQSSSPTEAPNWFDPW,TGTGCGAGAGATCAGAGCAGCAGCCCAACCGAAGCTCCCAACTGGTTCGACCCCTGG,1,1,None,None
P104_CD3--CGCTATCTCGGCTTGG,TRUE,CGCTATCTCGGCTTGG-1_773,TRUE,None,IGL,IGLV2-14*01,None,IGLJ3*02,None,None,TRUE,CSSYTSSSTPWVF,TGCAGCTCATATACAAGCAGCAGCACCCCTTGGGTGTTC,2.62,2.62,None,None
P104_CD3--CAAGGCCCAGCTCGCA,TRUE,CAAGGCCCAGCTCGCA-1_1390,TRUE,None,IGK,IGKV4-1*01,None,IGKJ3*01,IGKC,None,TRUE,STPPTF,AGTACTCCCCCCACTTTC,1,1,None,None
P104_CD3--CGAATGTAGCAGATCG,TRUE,CGAATGTAGCAGATCG-1_1055,TRUE,None,IGK,IGKV1-5*03,None,IGKJ1*01,IGKC,None,TRUE,CQQYNSYSRTF,TGCCAACAGTATAATAGTTATTCTCGGACGTTC,4.15,4.15,None,None
P104_CD3--CGTTAGAGTAAATACG,TRUE,CGTTAGAGTAAATACG-1_1958,TRUE,None,IGK,IGKV1-8*01,None,IGKJ2*01,None,None,TRUE,CQQYYSYPYTF,TGTCAACAGTATTATAGTTACCCGTACACTTTT,2,2,None,None
P104_CD3--AAAGCAAGTGATGTCT,TRUE,AAAGCAAGTGATGTCT-1_1442,TRUE,None,IGH,IGHV4-34*01,IGHD6-13*01,IGHJ1*01,IGHM,None,TRUE,CAREEGYHDSAEYFQHW,TGTGCGAGAGAGGAGGGCTACCACGATTCCGCTGAATACTTCCAGCACTGG,10.59,10.59,None,None
P104_CD3--AAAGCAAGTGATGTCT,TRUE,AAAGCAAGTGATGTCT-1_0,TRUE,None,IGK,IGKV4-1*01,None,IGKJ1*01,IGKC,None,TRUE,CQQYYSTPRTF,TGTCAGCAATATTATAGTACTCCTCGGACGTTC,11.85,11.85,None,None
P104_CD3--GTTTCTAAGTACGATA,TRUE,GTTTCTAAGTACGATA-1_1004,TRUE,None,IGL,IGLV3-19*01,None,IGLJ2*01,IGLC2,None,TRUE,CNSRDSSGNHLGVF,TGTAACTCCCGGGACAGCAGTGGTAACCATCTGGGGGTATTC,13.81,13.81,None,None
P104_CD3--GGTGTTACACGCTTTC,TRUE,GGTGTTACACGCTTTC-1_37387,TRUE,None,IGL,IGLV3-1*01,None,IGLJ2*01,IGLC2,None,TRUE,CQAWDSSVVF,TGTCAGGCGTGGGACAGCAGCGTGGTATTC,1,1,None,None
P104_CD3--ACATCAGGTGTCGCTG,TRUE,ACATCAGGTGTCGCTG-1_250,TRUE,None,IGK,IGKV1-39*01,None,IGKJ4*01,IGKC,None,TRUE,CQQSYSTPLTF,TGTCAACAGAGTTACAGTACCCCGCTCACTTTC,4.12,4.12,None,None
P104_CD3--TAAACCGCAGACAAGC,TRUE,TAAACCGCAGACAAGC-1_5361,TRUE,None,IGL,IGLV8-61*01,None,IGLJ3*02,IGLC2,None,TRUE,CVLYMGSGISVF,TGTGTGCTGTATATGGGTAGTGGCATTTCGGTGTTC,4.39,4.39,None,None
P104_CD3--TGGCGCACAGTCGATT,TRUE,TGGCGCACAGTCGATT-1_8484,TRUE,None,IGK,IGKV3-11*01,None,IGKJ5*01,None,None,TRUE,CQQRSNWPPITF,TGTCAGCAGCGTAGCAACTGGCCTCCGATCACCTTC,1,1,None,None
P104_CD3--ACAGCCGTCTGTGCAA,TRUE,ACAGCCGTCTGTGCAA-1_1947,TRUE,None,IGH,IGHV3-23*04,IGHD2-8*01,IGHJ4*02,IGHM,None,TRUE,CAKDQISGADYW,TGTGCGAAAGATCAAATTTCTGGGGCCGACTACTGG,3.28,3.28,None,None
P104_CD3--ACAGCCGTCTGTGCAA,TRUE,ACAGCCGTCTGTGCAA-1_2001,TRUE,None,IGL,IGLV2-23*01,None,IGLJ3*02,None,None,TRUE,CCSYAGSSTLRVF,TGCTGCTCATATGCAGGTAGTAGCACTTTACGGGTGTTC,1.26,1.26,None,None
P104_CD3--ATCATGGTCCAAACAC,TRUE,ATCATGGTCCAAACAC-1_4388,TRUE,None,IGL,IGLV3-9*01,None,IGLJ2*01,IGLC2,None,TRUE,CQVWDSSTGVF,TGTCAGGTGTGGGACAGCAGCACAGGGGTATTC,7.94,7.94,None,None
P104_CD3--TCTGAGATCGCTTAGA,TRUE,TCTGAGATCGCTTAGA-1_1851,TRUE,None,IGL,IGLV1-40*01,None,IGLJ2*01,None,None,TRUE,CQSYDSSLSGVVF,TGCCAGTCCTATGACAGCAGCCTGAGTGGTGTGGTATTC,5.56,5.56,None,None
P104_CD3--CATCAAGTCGCGATCG,TRUE,CATCAAGTCGCGATCG-1_5210,TRUE,None,IGK,IGKV2-40*01,None,IGKJ5*01,None,None,TRUE,CMQRIEFPITF,TGCATGCAACGTATAGAGTTTCCGATCACCTTC,7.48,7.48,None,None
P104_CD3--TCAATCTGTTACGACT,TRUE,TCAATCTGTTACGACT-1_19395,TRUE,None,IGH,IGHV1-3*01,IGHD1-20*01,IGHJ3*02,None,None,TRUE,CARTEFRAPNYQPCAFDIW,TGTGCGAGAACCGAGTTTAGGGCACCAAATTACCAGCCTTGTGCTTTTGATATCTGG,3,3,None,None
P104_CD3--TCAATCTGTTACGACT,TRUE,TCAATCTGTTACGACT-1_1057,TRUE,None,IGK,IGKV1-5*03,None,IGKJ2*01,IGKC,None,TRUE,CQQYNSYTF,TGCCAACAGTATAATAGTTACACTTTT,33.33,33.33,None,None
P104_CD3--GGAACTTCACATTAGC,TRUE,GGAACTTCACATTAGC-1_5716,TRUE,None,IGH,IGHV4-4*02,IGHD5-18*01,IGHJ4*02,None,None,TRUE,CARVDTAMDSADYW,TGTGCGAGAGTGGATACAGCTATGGACTCCGCTGACTACTGG,1.79,1.79,None,None
P104_CD3--GGAACTTCACATTAGC,TRUE,GGAACTTCACATTAGC-1_1601,TRUE,None,IGL,IGLV2-14*01,None,IGLJ2*01,None,None,TRUE,CSSYTSSSTRVF,TGCAGCTCATATACAAGCAGCAGCACTCGGGTATTC,3.92,3.92,None,None
P104_CD3--GCGCGATTCTCGCATC,TRUE,GCGCGATTCTCGCATC-1_1383,TRUE,None,IGH,IGHV4-34*01,IGHD5-24*01,IGHJ4*02,None,None,TRUE,CARASYSSGGNPDDYW,TGTGCGAGAGCCTCGTATTCATCCGGCGGCAATCCTGATGACTACTGG,1,1,None,None
P104_CD3--GCGCGATTCTCGCATC,TRUE,GCGCGATTCTCGCATC-1_158,TRUE,None,IGK,IGKV3-11*01,None,IGKJ2*01,IGKC,None,TRUE,CQQRSNWPPYTF,TGTCAGCAGCGTAGCAACTGGCCCCCGTACACTTTT,5.5,5.5,None,None
P104_CD3--GGATTACCACAACTGT,TRUE,GGATTACCACAACTGT-1_5331,TRUE,None,IGL,IGLV1-51*01,None,IGLJ3*02,None,None,FALSE,CGTWDSSLSAGWVF,TGCGGAACATGGGATAGCAGCCTGAGTGCTGGCTGGGTATTC,3.57,3.57,None,None
P104_CD3--TGAGCCGTCGCAAGCC,TRUE,TGAGCCGTCGCAAGCC-1_298,TRUE,None,IGK,IGKV3-20*01,None,IGKJ4*01,None,None,TRUE,CQQYGSSF,TGTCAGCAGTATGGTAGCTCTTTC,2.25,2.25,None,None
P104_CD3--TCATTACTCCTTTCGG,TRUE,TCATTACTCCTTTCGG-1_49285,TRUE,None,IGL,IGLV3-16*01,None,IGLJ2*01,None,None,TRUE,CLSADSSGTYVVF,TGTCTATCAGCAGACAGCAGTGGTACTTATGTGGTATTC,1,1,None,None
P104_CD3--TGAGCATGTTCACGGC,TRUE,TGAGCATGTTCACGGC-1_2410,TRUE,None,IGL,IGLV1-44*01,None,IGLJ3*02,None,None,FALSE,CAAWDDSLNGRVF,TGTGCAGCATGGGATGACAGCCTGAATGGTCGAGTGTTC,4.1,4.1,None,None
P104_CD3--GCTTGAATCTAACTTC,TRUE,GCTTGAATCTAACTTC-1_1112,TRUE,None,IGH,IGHV3-33*01,IGHD3-10*01,IGHJ4*02,IGHM,None,TRUE,CASSGEVGVDYW,TGTGCGAGCAGTGGGGAGGTAGGGGTTGACTACTGG,2,2,None,None
P104_CD3--GCTTGAATCTAACTTC,TRUE,GCTTGAATCTAACTTC-1_201,TRUE,None,IGK,IGKV3-11*01,None,IGKJ1*01,IGKC,None,TRUE,CQQRSNWPSWTF,TGTCAGCAGCGTAGCAACTGGCCTTCGTGGACGTTC,4.53,4.53,None,None
P104_CD3--CAACCTCCAATGGTCT,TRUE,CAACCTCCAATGGTCT-1_2448,TRUE,None,IGH,IGHV2-70*15,IGHD6-6*01,IGHJ2*01,IGHD,None,TRUE,CARIHTSRYSSSSRWYFDLW,TGTGCACGGATCCATACGTCGAGATATAGCAGCTCGTCTCGCTGGTACTTCGATCTCTGG,4.1,4.1,None,None
P104_CD3--CAACCTCCAATGGTCT,TRUE,CAACCTCCAATGGTCT-1_32510,TRUE,None,IGL,IGLV2-14*03,None,IGLJ3*02,None,None,TRUE,CSSYTNSSSPVF,TGCAGCTCATATACAAACAGCAGCTCTCCGGTGTTC,2.97,2.97,None,None
P104_CD3--CCTTACGGTTAAGAAC,TRUE,CCTTACGGTTAAGAAC-1_15011,TRUE,None,IGK,IGKV1-39*01,None,IGKJ5*01,IGKC,None,TRUE,CQQSYSTPPAF,TGTCAACAGAGTTACAGTACCCCTCCAGCCTTC,4,4,None,None
P104_CD3--GTATCTTGTCTTGTCC,TRUE,GTATCTTGTCTTGTCC-1_4625,TRUE,None,IGH,IGHV1-18*01,IGHD6-13*01,IGHJ4*02,None,None,TRUE,CARAGWLQGDSSSFESDYW,TGTGCGAGAGCAGGTTGGTTGCAAGGCGATAGCAGCAGCTTTGAAAGTGACTACTGG,2,2,None,None
P104_CD3--GTATCTTGTCTTGTCC,TRUE,GTATCTTGTCTTGTCC-1_963,TRUE,None,IGL,IGLV3-19*01,None,IGLJ2*01,IGLC2,None,TRUE,CNSRDSSGNHLVVVF,TGTAACTCCCGGGACAGCAGTGGTAACCATCTAGTAGTGGTATTC,10.02,10.02,None,None
P104_CD3--ACTGATGGTGCTAGCC,TRUE,ACTGATGGTGCTAGCC-1_4923,TRUE,None,IGH,IGHV3-53*01,IGHD3-10*01,IGHJ1*01,None,None,FALSE,CARDGLYYGSGSYGVHW,TGTGCGAGAGACGGACTTTACTATGGTTCGGGGAGTTATGGTGTACACTGG,1.59,1.59,None,None
P104_CD3--ACTGATGGTGCTAGCC,TRUE,ACTGATGGTGCTAGCC-1_5362,TRUE,None,IGL,IGLV4-60*03,None,IGLJ3*02,IGLC2,None,FALSE,CETWDSNTRWVF,TGTGAGACCTGGGACAGTAACACCCGTTGGGTGTTC,1,1,None,None
P104_CD3--GTGCATATCAGCGACC,TRUE,GTGCATATCAGCGACC-1_13,TRUE,None,IGK,IGKV4-1*01,None,IGKJ5*01,IGKC,None,TRUE,CQQYYSTPITF,TGTCAGCAATATTATAGTACTCCGATCACCTTC,6.21,6.21,None,None
P104_CD3--TGCCCATCAGTAAGCG,TRUE,TGCCCATCAGTAAGCG-1_32176,TRUE,None,IGL,IGLV2-14*03,None,IGLJ2*01,None,None,FALSE,CSSYTSSSTVVF,TGCAGCTCATATACAAGCAGCAGCACTGTGGTATTC,7.97,7.97,None,None
P104_CD3--ATGTGTGAGAAGGTTT,TRUE,ATGTGTGAGAAGGTTT-1_302,TRUE,None,IGK,IGKV3-20*01,None,IGKJ1*01,IGKC,None,TRUE,CQQYGSSPRTF,TGTCAGCAGTATGGTAGCTCACCTCGGACGTTC,6.61,6.61,None,None
P104_CD3--CCGTACTGTAACGACG,TRUE,CCGTACTGTAACGACG-1_43354,TRUE,None,IGL,IGLV1-47*01,None,IGLJ2*01,None,None,TRUE,CAAWDDSLSGPVF,TGTGCAGCATGGGATGACAGCCTGAGTGGTCCGGTATTC,2,2,None,None
P104_CD3--TTAACTCAGTCTCGGC,TRUE,TTAACTCAGTCTCGGC-1_1834,TRUE,None,IGL,IGLV3-1*01,None,IGLJ2*01,IGLC2,None,TRUE,CQAWDSSTLVVF,TGTCAGGCGTGGGACAGCAGCACTCTTGTGGTATTC,8.78,8.78,None,None
P104_CD3--GGATGTTAGTACGTAA,TRUE,GGATGTTAGTACGTAA-1_1956,TRUE,None,IGK,IGKV1-8*01,None,IGKJ3*01,IGKC,None,TRUE,CQQYYSYPPTF,TGTCAACAGTATTATAGTTACCCTCCCACTTTC,5.97,5.97,None,None
P104_CD3--GGCCGATGTCAGCTAT,TRUE,GGCCGATGTCAGCTAT-1_1950,TRUE,None,IGK,IGKV1-8*01,None,IGKJ3*01,None,None,TRUE,CQQYYSYPPHF,TGTCAACAGTATTATAGTTACCCTCCCCATTTC,1.67,1.67,None,None
P104_CD3--TAGACCATCTAACTGG,TRUE,TAGACCATCTAACTGG-1_388,TRUE,None,IGK,IGKV3-20*01,None,IGKJ1*01,None,None,TRUE,CQQYGSSLWTF,TGTCAGCAGTATGGTAGCTCACTTTGGACGTTC,1.18,1.18,None,None
P104_CD3--GAATGAAGTACGAAAT,TRUE,GAATGAAGTACGAAAT-1_1595,TRUE,None,IGL,IGLV2-14*01,None,IGLJ2*01,None,None,FALSE,CSSYTSSSRVVF,TGCAGCTCATATACAAGCAGCAGCCGTGTGGTATTC,2.31,2.31,None,None
P104_CD3--CACCAGGCAATCGGTT,TRUE,CACCAGGCAATCGGTT-1_1972,TRUE,None,IGL,IGLV1-44*01,None,IGLJ3*02,None,None,FALSE,CAAWDDSLNGWVF,TGTGCAGCATGGGATGACAGCCTGAATGGTTGGGTGTTC,1,1,None,None
P104_CD3--GTGTTAGTCGAACTGT,TRUE,GTGTTAGTCGAACTGT-1_2006,TRUE,None,IGL,IGLV2-23*02,None,IGLJ1*01,None,None,TRUE,CCSYAGSSTGVF,TGCTGCTCATATGCAGGTAGTAGCACTGGAGTCTTC,2.86,2.86,None,None
P104_CD3--ACACCGGCACTACAGT,TRUE,ACACCGGCACTACAGT-1_244,TRUE,None,IGK,IGKV1-39*01,None,IGKJ4*01,None,None,TRUE,CQQSYSTPLTF,TGTCAACAGAGTTACAGTACCCCTCTCACTTTC,7.27,7.27,None,None
P104_CD3--CGAGAAGAGCGTGAAC,TRUE,CGAGAAGAGCGTGAAC-1_1612,TRUE,None,IGK,IGKV2-28*01,None,IGKJ3*01,None,None,TRUE,CMQALQTPPTF,TGCATGCAAGCTCTACAAACTCCTCCCACTTTC,2.03,2.03,None,None
P104_CD3--ACTGAACTCTTTAGGG,TRUE,ACTGAACTCTTTAGGG-1_1762,TRUE,None,IGL,IGLV1-40*01,None,IGLJ3*02,None,None,TRUE,CQSYDSSLSGSVF,TGCCAGTCCTATGACAGCAGCCTGAGTGGTTCGGTGTTC,6.79,6.79,None,None
P104_CD3--ATTGGTGTCCACGTTC,TRUE,ATTGGTGTCCACGTTC-1_11419,TRUE,None,IGH,IGHV4-59*08,IGHD4-11*01,IGHJ4*02,None,None,TRUE,CARFSPGTVTDW,TGTGCGAGATTTAGCCCCGGGACAGTAACTGATTGG,1,1,None,None
P104_CD3--GGGTTGCGTGGCGAAT,TRUE,GGGTTGCGTGGCGAAT-1_1704,TRUE,None,IGK,IGKV1-33*01,None,IGKJ4*01,IGKC,None,TRUE,CQQYDNLPLTF,TGTCAACAGTATGATAATCTCCCGCTCACTTTC,5.88,5.88,None,None
P104_CD3--AGACGTTCAAGAGGCT,TRUE,AGACGTTCAAGAGGCT-1_5431,TRUE,None,IGL,IGLV1-51*01,None,IGLJ3*02,IGLC2,None,TRUE,CGTWDSSLGGVF,TGCGGAACATGGGATAGCAGCCTGGGGGGAGTGTTC,7.72,7.72,None,None
P104_CD3--TCAACGAGTAACGACG,TRUE,TCAACGAGTAACGACG-1_1848,TRUE,None,IGK,IGKV1-33*01,None,IGKJ2*02,IGKC,None,TRUE,CQQYDNLLSF,TGTCAACAGTATGATAATCTCCTCTCTTTT,4,4,None,None
P104_CD3--CAAGGCCCAGGCTGAA,TRUE,CAAGGCCCAGGCTGAA-1_1095,TRUE,None,IGH,IGHV3-74*01,IGHD2-8*01,IGHJ4*02,IGHM,None,TRUE,CARLAIGSYYIDYW,TGTGCGCGGTTGGCTATTGGGAGCTACTATATTGACTACTGG,9,9,None,None
P104_CD3--GCATACAGTCTTCAAG,TRUE,GCATACAGTCTTCAAG-1_11282,TRUE,None,IGH,IGHV4-34*13,IGHD6-13*01,IGHJ4*02,IGHM,None,TRUE,CARGLPLAAAGSYFDYW,TGTGCGAGGGGGCTCCCTCTAGCAGCAGCTGGCTCCTACTTTGACTACTGG,9.18,9.18,None,None
P104_CD3--GCATACAGTCTTCAAG,TRUE,GCATACAGTCTTCAAG-1_1651,TRUE,None,IGK,IGKV3-15*01,None,IGKJ2*01,IGKC,None,TRUE,CQQYNNWPPYTF,TGTCAGCAGTATAATAACTGGCCTCCGTACACTTTT,6.14,6.14,None,None
P104_CD3--ATCATCTTCCCGACTT,TRUE,ATCATCTTCCCGACTT-1_34164,TRUE,None,IGL,IGLV2-14*03,None,IGLJ2*01,None,None,FALSE,CSSYTSSSTLGVF,TGCAGCTCATATACAAGCAGCAGCACTCTCGGTGTATTC,7,7,None,None
P104_CD3--CTAATGGCATGCCACG,TRUE,CTAATGGCATGCCACG-1_3865,TRUE,None,IGH,IGHV4-39*01,IGHD2-15*01,IGHJ4*01,None,None,TRUE,CASFGIVVVVAARIDYW,TGTGCGAGTTTTGGTATTGTAGTGGTGGTAGCTGCCCGAATTGACTACTGG,2.24,2.24,None,None
P104_CD3--CTAATGGCATGCCACG,TRUE,CTAATGGCATGCCACG-1_3442,TRUE,None,IGL,IGLV1-47*01,None,IGLJ2*01,IGLC2,None,TRUE,CAAWDDSLSGHVVF,TGTGCAGCATGGGATGACAGCCTGAGTGGTCATGTGGTATTC,1,1,None,None
P104_CD3--TACCTTAGTTTGTTGG,TRUE,TACCTTAGTTTGTTGG-1_1163,TRUE,None,IGH,IGHV4-34*01,IGHD6-13*01,IGHJ4*02,IGHM,None,TRUE,CARNVKQPRRLDYW,TGTGCGAGAAATGTAAAGCAGCCCCGAAGGCTTGACTACTGG,5.29,5.29,None,None
P104_CD3--TACCTTAGTTTGTTGG,TRUE,TACCTTAGTTTGTTGG-1_186,TRUE,None,IGK,IGKV1-39*01,None,IGKJ2*02,IGKC,None,TRUE,CQQSYSTQWTF,TGTCAACAGAGTTACAGTACCCAGTGGACTTTT,24.09,24.09,None,None
P104_CD3--CCTCTGATCCTTTACA,TRUE,CCTCTGATCCTTTACA-1_1038,TRUE,None,IGK,IGKV3-15*01,None,IGKJ4*01,None,None,TRUE,CQQYNNWPALTF,TGTCAGCAGTATAATAACTGGCCTGCGCTCACTTTC,6.42,6.42,None,None
P104_CD3--AGCATACTCGACGGAA,TRUE,AGCATACTCGACGGAA-1_12092,TRUE,None,IGK,IGKV1-33*01,None,IGKJ4*01,IGKC,None,FALSE,CQQYDNLPPLTF,TGTCAACAGTATGATAATCTCCCCCCGCTCACTTTC,12,12,None,None
P104_CD3--CCGTACTAGCAGGCTA,TRUE,CCGTACTAGCAGGCTA-1_1054,TRUE,None,IGK,IGKV1-5*03,None,IGKJ1*01,None,None,TRUE,CQQYNSYRWTF,TGCCAACAGTATAATAGTTATCGGTGGACGTTC,2,2,None,None
P104_CD3--GTTCGGGTCGAGCCCA,TRUE,GTTCGGGTCGAGCCCA-1_252,TRUE,None,IGK,IGKV1-39*01,None,IGKJ1*01,IGKC,None,TRUE,CQQSYSTPRTF,TGTCAACAGAGTTACAGTACCCCTCGGACGTTC,5.76,5.76,None,None
P104_CD3--ATAAGAGGTAGCGTGA,TRUE,ATAAGAGGTAGCGTGA-1_339,TRUE,None,IGK,IGKV3-20*01,None,IGKJ2*01,None,None,TRUE,CQQYGSSPLYTF,TGTCAGCAGTATGGTAGCTCACCTTTGTACACTTTT,1.86,1.86,None,None
P104_CD3--CTTAGGAGTCAGAGGT,TRUE,CTTAGGAGTCAGAGGT-1_11098,TRUE,None,IGK,IGKV1-39*01,None,IGKJ4*01,IGKC,None,TRUE,CQQSYSTPLTF,TGTCAACAGAGTTACAGTACCCCTCTCACTTTC,1,1,None,None
P104_CD3--CGATGGCAGCCGTCGT,TRUE,CGATGGCAGCCGTCGT-1_2021,TRUE,None,IGL,IGLV3-1*01,None,IGLJ2*01,None,None,TRUE,CQAWDSSTVVF,TGTCAGGCGTGGGACAGCAGCACCGTGGTATTC,6.7,6.7,None,None
P104_CD3--ACACCCTAGTTCGCAT,TRUE,ACACCCTAGTTCGCAT-1_8490,TRUE,None,IGK,IGKV1-8*01,None,IGKJ1*01,IGKC,None,TRUE,CQQYYSYPWTF,TGTCAACAGTATTATAGTTACCCGTGGACGTTC,1.42,1.42,None,None
P104_CD3--GCACTCTCACGTCAGC,TRUE,GCACTCTCACGTCAGC-1_5135,TRUE,None,IGH,IGHV1-69*02,IGHD3-3*01,IGHJ4*01,None,None,TRUE,CTYDFWSCYYIGTFDYW,TGCACTTACGATTTTTGGAGTTGTTATTATATAGGGACCTTTGACTACTGG,1.18,1.18,None,None
P104_CD3--GCACTCTCACGTCAGC,TRUE,GCACTCTCACGTCAGC-1_3079,TRUE,None,IGK,IGKV2-30*01,None,IGKJ2*01,IGKC,None,TRUE,CMQGTHF,TGCATGCAAGGTACACACTTT,4.33,4.33,None,None
P104_CD3--GTAGTCAAGGACAGCT,TRUE,GTAGTCAAGGACAGCT-1_5299,TRUE,None,IGH,IGHV7-4-1*01,IGHD6-19*01,IGHJ5*02,IGHD,None,FALSE,CARGLYSSGWKRFDPW,TGTGCGAGAGGACTGTATAGCAGTGGCTGGAAGCGCTTCGACCCCTGG,1.69,1.69,None,None
P104_CD3--GTAGTCAAGGACAGCT,TRUE,GTAGTCAAGGACAGCT-1_90,TRUE,None,IGK,IGKV1-39*01,None,IGKJ4*01,IGKC,None,FALSE,CAELQYPSLF,TGCGCAGAGTTACAGTACCCCTCCCTTTTC,7.63,7.63,None,None
P104_CD3--GCAGTTAGTCCAAGTT,TRUE,GCAGTTAGTCCAAGTT-1_1161,TRUE,None,IGH,IGHV4-34*01,IGHD4-17*01,IGHJ3*02,None,None,TRUE,CARRGMTTVTIGAFDIW,TGTGCGAGAAGGGGGATGACTACGGTGACTATAGGTGCTTTTGATATCTGG,1,1,None,None
P104_CD3--GCAGTTAGTCCAAGTT,TRUE,GCAGTTAGTCCAAGTT-1_1604,TRUE,None,IGL,IGLV2-14*01,None,IGLJ2*01,IGLC2,None,TRUE,CSSYTSSSTPAVVF,TGCAGCTCATATACAAGCAGCAGCACTCCCGCTGTGGTATTC,4.9,4.9,None,None
P104_CD3--TGAGCCGGTCCATCCT,TRUE,TGAGCCGGTCCATCCT-1_7,TRUE,None,IGK,IGKV4-1*01,None,IGKJ1*01,IGKC,None,TRUE,CQQYYSTPRTF,TGTCAGCAATATTATAGTACTCCTCGTACGTTC,8.03,8.03,None,None
P104_CD3--CTACATTAGTATTGGA,TRUE,CTACATTAGTATTGGA-1_2357,TRUE,None,IGL,IGLV2-8*01,None,IGLJ3*02,None,None,TRUE,CSSYAGSNNWVF,TGCAGCTCATATGCAGGCAGCAACAATTGGGTATTC,2.19,2.19,None,None
P104_CD3--ACGAGGACAATGAATG,TRUE,ACGAGGACAATGAATG-1_7326,TRUE,None,IGL,IGLV3-21*01,None,IGLJ3*02,None,None,FALSE,CQVWDSSSDHRVF,TGTCAGGTGTGGGATAGTAGTAGTGATCATCGGGTGTTC,3.05,3.05,None,None
P104_CD3--CCACCTATCTTGACGA,TRUE,CCACCTATCTTGACGA-1_5363,TRUE,None,IGL,IGLV4-60*03,None,IGLJ3*02,IGLC2,None,TRUE,CETWDSNTRVF,TGTGAGACCTGGGACAGTAACACTCGGGTGTTC,11.21,11.21,None,None
P104_CD3--TGATTTCAGAGGGATA,TRUE,TGATTTCAGAGGGATA-1_35,TRUE,None,IGK,IGKV1-5*03,None,IGKJ1*01,IGKC,None,TRUE,CQQYNSYPWTF,TGCCAACAGTATAATAGTTATCCGTGGACGTTC,11.52,11.52,None,None
P104_CD3--GATCGATAGGCCGAAT,TRUE,GATCGATAGGCCGAAT-1_3829,TRUE,None,IGH,IGHV2-5*02,IGHD1-26*01,IGHJ6*03,None,None,FALSE,CAHNGGSSSYYYMDVW,TGTGCACACAACGGGGGCAGCTCGAGCTACTACTACATGGACGTCTGG,2.02,2.02,None,None
P104_CD3--GATCGATAGGCCGAAT,TRUE,GATCGATAGGCCGAAT-1_66,TRUE,None,IGK,IGKV1D-8*01,None,IGKJ4*01,IGKC,None,FALSE,CQQYYSFPLTF,TGTCAACAGTATTATAGTTTCCCTCTCACTTTC,20.79,20.79,None,None
P104_CD3--AGAATAGCAGCTCGCA,TRUE,AGAATAGCAGCTCGCA-1_1548,TRUE,None,IGK,IGKV2-28*01,None,IGKJ2*02,IGKC,None,TRUE,CMQALQTPRTF,TGCATGCAAGCTCTACAAACTCCTCGAACTTTT,4.27,4.27,None,None
P104_CD3--TCACGAATCCTACAGA,TRUE,TCACGAATCCTACAGA-1_4609,TRUE,None,IGK,IGKV3-11*01,None,IGKJ1*01,IGKC,None,TRUE,CQQRSNWPPTF,TGTCAGCAGCGTAGCAACTGGCCTCCTACGTTC,1,1,None,None
P104_CD3--CTAGTGAGTGATGTGG,TRUE,CTAGTGAGTGATGTGG-1_296,TRUE,None,IGK,IGKV3-20*01,None,IGKJ2*01,IGKC,None,TRUE,CQQYGSSPYTF,TGTCAGCAGTATGGTAGCTCACCGTACACTTTT,2,2,None,None
P104_CD3--TAGGCATGTTGGTAAA,TRUE,TAGGCATGTTGGTAAA-1_37800,TRUE,None,IGH,IGHV3-23*01,IGHD4-23*01,IGHJ6*02,None,None,TRUE,CAKDGAPVVTPAYYYGMDVW,TGTGCGAAAGATGGAGCTCCGGTGGTAACTCCAGCCTACTACTACGGTATGGACGTCTGG,1,1,None,None
P104_CD3--TAGGCATGTTGGTAAA,TRUE,TAGGCATGTTGGTAAA-1_381,TRUE,None,IGK,IGKV3-11*01,None,IGKJ5*01,None,None,TRUE,CQQRSNWRPITF,TGTCAGCAGCGTAGCAACTGGCGCCCGATCACCTTC,1.53,1.53,None,None
P104_CD3--AGATCTGTCTGTGCAA,TRUE,AGATCTGTCTGTGCAA-1_4644,TRUE,None,IGH,IGHV1-18*01,IGHD3-3*01,IGHJ4*02,IGHD,None,TRUE,CARVLARLGDFWSGYYDYW,TGTGCGAGAGTCTTAGCTAGATTGGGCGATTTTTGGAGTGGTTACTATGACTACTGG,2.67,2.67,None,None
P104_CD3--AGATCTGTCTGTGCAA,TRUE,AGATCTGTCTGTGCAA-1_2617,TRUE,None,IGL,IGLV3-25*03,None,IGLJ2*01,None,None,TRUE,CQSADSSGTYVVF,TGTCAATCAGCAGACAGCAGTGGTACTTACGTGGTATTC,1.69,1.69,None,None
P104_CD3--ATGGGAGCAAGCGTAG,TRUE,ATGGGAGCAAGCGTAG-1_1691,TRUE,None,IGK,IGKV3-20*01,None,IGKJ4*01,IGKC,None,TRUE,CQHYGSSRLTF,TGTCAGCACTATGGTAGCTCACGGCTCACTTTC,1,1,None,None
P104_CD3--TTCGGTCAGTAACCCT,TRUE,TTCGGTCAGTAACCCT-1_3919,TRUE,None,IGH,IGHV3-7*01,IGHD4-17*01,IGHJ4*02,None,None,TRUE,CARVFTVTTFDYW,TGTGCGAGAGTCTTTACGGTGACTACCTTTGACTACTGG,1.9,1.9,None,None
P104_CD3--TTCGGTCAGTAACCCT,TRUE,TTCGGTCAGTAACCCT-1_4373,TRUE,None,IGL,IGLV2-18*02,None,IGLJ2*01,IGLC2,None,TRUE,CSSYTSSSTLVVF,TGCAGCTCATATACAAGCAGCAGCACCCTTGTGGTATTC,12.36,12.36,None,None
P104_CD3--GGGCATCCATTACGAC,TRUE,GGGCATCCATTACGAC-1_3588,TRUE,None,IGL,IGLV7-46*01,None,IGLJ3*02,None,None,FALSE,CLLSYSGARVF,TGCTTGCTCTCCTATAGTGGTGCTCGGGTGTTC,10.09,10.09,None,None
P104_CD3--GGATGTTTCAAGGCTT,TRUE,GGATGTTTCAAGGCTT-1_1610,TRUE,None,IGL,IGLV2-14*03,None,IGLJ3*02,IGLC3,None,TRUE,CSSYTSSSPWVF,TGCAGCTCATATACAAGCAGCAGCCCTTGGGTGTTC,2,2,None,None
P104_CD3--CCTACACAGCTGCAAG,TRUE,CCTACACAGCTGCAAG-1_1841,TRUE,None,IGL,IGLV1-40*01,None,IGLJ2*01,None,None,FALSE,CQSYDSSLSGVVF,TGCCAGTCCTATGACAGCAGCCTGAGTGGTGTGGTATTC,2.54,2.54,None,None
P104_CD3--CAGTCCTTCATCTGTT,TRUE,CAGTCCTTCATCTGTT-1_297,TRUE,None,IGK,IGKV3-20*01,None,IGKJ1*01,IGKC,None,TRUE,CQQYGSSPWTF,TGTCAGCAGTATGGTAGCTCACCGTGGACGTTC,9.76,9.76,None,None
P104_CD3--TGCCCTAGTCCCGACA,TRUE,TGCCCTAGTCCCGACA-1_4123,TRUE,None,IGH,IGHV1-69*08,IGHD7-27*01,IGHJ4*02,IGHM,None,TRUE,CARDPTGEYFDYW,TGTGCGAGAGATCCCACTGGGGAGTACTTTGACTACTGG,6.13,6.13,None,None
P104_CD3--TGCCCTAGTCCCGACA,TRUE,TGCCCTAGTCCCGACA-1_1613,TRUE,None,IGK,IGKV2-28*01,None,IGKJ1*01,IGKC,None,TRUE,CMQALQTPWTF,TGCATGCAAGCTCTACAAACTCCTTGGACGTTC,6.88,6.88,None,None
P104_CD3--GATGCTACATGGTAGG,TRUE,GATGCTACATGGTAGG-1_12110,TRUE,None,IGK,IGKV1-16*01,None,IGKJ2*02,IGKC,None,TRUE,CQQHNFYPTTF,TGCCAACAGCATAATTTTTACCCGACCACTTTT,2,2,None,None
P104_CD3--TGGCTGGAGTGTACTC,TRUE,TGGCTGGAGTGTACTC-1_242,TRUE,None,IGK,IGKV1-39*01,None,IGKJ2*01,IGKC,None,TRUE,CQQSYSTPYTF,TGTCAACAGAGTTACAGTACCCCGTACACTTTT,5.82,5.82,None,None
P104_CD3--CACATTTTCTTCATGT,TRUE,CACATTTTCTTCATGT-1_8530,TRUE,None,IGH,IGHV2-70*01,IGHD1-26*01,IGHJ4*01,None,None,TRUE,CARIRSGSYQYYFDYW,TGTGCACGGATAAGGAGTGGGAGCTACCAGTACTACTTTGACTACTGG,2.6,2.6,None,None
P104_CD3--AACTCTTTCACTGGGC,TRUE,AACTCTTTCACTGGGC-1_293,TRUE,None,IGK,IGKV3-20*01,None,IGKJ1*01,None,None,TRUE,CQQYGSFWTF,TGTCAGCAGTATGGTAGCTTTTGGACGTTC,1,1,None,None
P104_CD3--GTACGTACATTGGCGC,TRUE,GTACGTACATTGGCGC-1_15005,TRUE,None,IGH,IGHV3-66*01,IGHD2-8*01,IGHJ4*02,IGHM,None,TRUE,CARLAIGSYYIDYW,TGTGCGCGGTTGGCTATTGGGAGCTACTATATTGACTACTGG,2,2,None,None
P104_CD3--ATTGGTGAGATCTGCT,TRUE,ATTGGTGAGATCTGCT-1_5298,TRUE,None,IGH,IGHV7-4-1*01,IGHD3-10*01,IGHJ4*02,IGHM,None,TRUE,CARGHYYGSGSYNYW,TGTGCGAGAGGACATTACTATGGTTCAGGGAGTTATAACTACTGG,3.98,3.98,None,None
P104_CD3--ATTGGTGAGATCTGCT,TRUE,ATTGGTGAGATCTGCT-1_1562,TRUE,None,IGK,IGKV2-28*01,None,IGKJ1*01,IGKC,None,TRUE,CMQALQTPQTF,TGCATGCAAGCTCTACAAACTCCTCAGACGTTC,2.67,2.67,None,None
P104_CD3--GATTCAGAGTCCATAC,TRUE,GATTCAGAGTCCATAC-1_3294,TRUE,None,IGH,IGHV5-51*01,IGHD3-10*01,IGHJ5*02,None,None,TRUE,CARLPDKGRWFDPW,TGTGCGAGACTGCCCGATAAGGGAAGGTGGTTCGACCCCTGG,1,1,None,None
P104_CD3--GATTCAGAGTCCATAC,TRUE,GATTCAGAGTCCATAC-1_1598,TRUE,None,IGL,IGLV2-14*01,None,IGLJ2*01,IGLC2,None,TRUE,CSSYTSSSTLVVF,TGCAGCTCATATACAAGCAGCAGCACTCTCGTGGTATTC,2.51,2.51,None,None
P104_CD3--AGCGGTCTCATTATCC,TRUE,AGCGGTCTCATTATCC-1_46824,TRUE,None,IGL,IGLV1-51*01,None,IGLJ7*01,IGLC2,None,TRUE,CGTWDSSLSAAVF,TGCGGAACATGGGATAGCAGCCTGAGTGCTGCTGTGTTC,1,1,None,None
P104_CD3--TTGCGTCCACGCGAAA,TRUE,TTGCGTCCACGCGAAA-1_4438,TRUE,None,IGH,IGHV3-7*01,IGHD4-17*01,IGHJ4*02,None,None,TRUE,CARDRPHDYGDYVGDYW,TGTGCGAGAGATCGGCCCCATGACTACGGTGACTATGTGGGTGACTACTGG,1.98,1.98,None,None
P104_CD3--TTGCGTCCACGCGAAA,TRUE,TTGCGTCCACGCGAAA-1_204,TRUE,None,IGK,IGKV1-5*03,None,IGKJ2*01,IGKC,None,TRUE,CQQYNSYPYTF,TGCCAACAGTATAATAGTTATCCGTACACTTTT,16.64,16.64,None,None
P104_CD3--CATCGAACAGTAGAGC,TRUE,CATCGAACAGTAGAGC-1_18787,TRUE,None,IGL,IGLV1-44*01,None,IGLJ2*01,None,None,TRUE,CAAWDDSLNGRVF,TGTGCAGCATGGGATGACAGCCTGAATGGTCGGGTATTC,7,7,None,None
P104_CD3--CCCATACGTCTCCACT,TRUE,CCCATACGTCTCCACT-1_32645,TRUE,None,IGH,IGHV3-73*01,IGHD5-24*01,IGHJ4*02,IGHD,None,TRUE,CSYVLDGYNPYYFDYW,TGTAGTTATGTCCTAGATGGCTACAATCCGTACTACTTTGACTACTGG,1,1,None,None
P104_CD3--CCCATACGTCTCCACT,TRUE,CCCATACGTCTCCACT-1_1042,TRUE,None,IGK,IGKV3-15*01,None,IGKJ4*01,None,None,TRUE,CQQYNNWPLPQF,TGTCAGCAGTATAATAACTGGCCCCTCCCTCAATTC,6.94,6.94,None,None
P104_CD3--ACTGAGTCAGTAACGG,TRUE,ACTGAGTCAGTAACGG-1_3293,TRUE,None,IGH,IGHV5-51*01,IGHD2-21*02,IGHJ4*02,None,None,TRUE,CARRGLLQGHFDYW,TGTGCGAGACGGGGCTTGCTGCAGGGTCACTTTGACTACTGG,1,1,None,None
P104_CD3--ACTGAGTCAGTAACGG,TRUE,ACTGAGTCAGTAACGG-1_3043,TRUE,None,IGK,IGKV1D-8*01,None,IGKJ2*01,IGKC,None,TRUE,CQQYYSFPYTF,TGTCAACAGTATTATAGTTTCCCGTACACTTTT,5.91,5.91,None,None
P104_CD3--CAGCAGCTCTTGTATC,TRUE,CAGCAGCTCTTGTATC-1_3221,TRUE,None,IGH,IGHV1-46*01,IGHD2-15*01,IGHJ6*02,IGHD,None,TRUE,CARDPSCIGGSCYSDYYYGMDVW,TGTGCGAGAGATCCTAGTTGCATCGGTGGTAGCTGCTACTCTGACTACTACTACGGTATGGACGTCTGG,3.55,3.55,None,None
P104_CD3--CCTTTCTGTTGGTGGA,TRUE,CCTTTCTGTTGGTGGA-1_1931,TRUE,None,IGH,IGHV3-48*02,IGHD4-17*01,IGHJ4*02,None,None,TRUE,CARALHHPTVTTTYYFDYW,TGTGCGAGAGCCCTACACCACCCTACGGTGACTACGACGTACTACTTTGACTACTGG,2,2,None,None
P104_CD3--CCTTTCTGTTGGTGGA,TRUE,CCTTTCTGTTGGTGGA-1_1625,TRUE,None,IGK,IGKV1-27*01,None,IGKJ4*01,IGKC,None,TRUE,CQKYNSAPLTF,TGTCAAAAGTATAACAGTGCCCCGCTCACTTTC,11.91,11.91,None,None
P104_CD3--AACCATGAGTCCATAC,TRUE,AACCATGAGTCCATAC-1_1209,TRUE,None,IGH,IGHV4-34*01,IGHD4-17*01,IGHJ4*02,None,None,TRUE,CARPYGDPLW,TGTGCGAGACCCTACGGTGACCCCCTCTGG,5.23,5.23,None,None
P104_CD3--AACCATGAGTCCATAC,TRUE,AACCATGAGTCCATAC-1_16,TRUE,None,IGK,IGKV4-1*01,None,IGKJ4*01,None,None,TRUE,CQQYYSTPLTF,TGTCAGCAATATTATAGTACCCCCCTCACTTTC,5.15,5.15,None,None
P104_CD3--AAATGCCTCTAGAGTC,TRUE,AAATGCCTCTAGAGTC-1_1581,TRUE,None,IGH,IGHV4-34*01,IGHD1-26*01,IGHJ4*02,None,None,FALSE,CARKGGIAAADYW,TGTGCGAGAAAAGGGGGTATAGCAGCAGCTGACTACTGG,3.51,3.51,None,None
P104_CD3--AAATGCCTCTAGAGTC,TRUE,AAATGCCTCTAGAGTC-1_279,TRUE,None,IGK,IGKV3-20*01,None,IGKJ1*01,IGKC,None,FALSE,CQQYGSSPQTF,TGTCAGCAGTATGGTAGCTCACCTCAGACGTTC,19.48,19.48,None,None
P104_CD3--TTTGTCACAATGGACG,TRUE,TTTGTCACAATGGACG-1_37716,TRUE,None,IGL,IGLV1-40*01,None,IGLJ2*01,IGLC2,None,TRUE,CQSYDSSLSGVVF,TGCCAGTCCTATGACAGCAGCCTGAGTGGTGTGGTATTC,1,1,None,None
P104_CD3--CATCGGGAGTAACCCT,TRUE,CATCGGGAGTAACCCT-1_1542,TRUE,None,IGK,IGKV1-33*01,None,IGKJ4*01,IGKC,None,TRUE,CQQYDNLPPVTF,TGTCAACAGTATGATAATCTCCCTCCGGTCACTTTC,14.64,14.64,None,None
P104_CD3--CCTTACGGTGGTAACG,TRUE,CCTTACGGTGGTAACG-1_1864,TRUE,None,IGK,IGKV3-15*01,None,IGKJ2*01,None,None,TRUE,CQQYNNWPPYTF,TGTCAGCAGTATAATAACTGGCCTCCGTACACTTTT,1,1,None,None
P104_CD3--CAGCATAGTTTGACAC,TRUE,CAGCATAGTTTGACAC-1_1672,TRUE,None,IGH,IGHV1-69*06,IGHD6-13*01,IGHJ2*01,IGHM,None,TRUE,CARVRAAAALYWYFDLW,TGTGCGAGAGTCAGGGCAGCAGCTGCCCTTTACTGGTACTTCGATCTCTGG,10.41,10.41,None,None
P104_CD3--CAGCATAGTTTGACAC,TRUE,CAGCATAGTTTGACAC-1_2766,TRUE,None,IGL,IGLV3-25*03,None,IGLJ2*01,None,None,TRUE,CQSADSSGTYVVF,TGTCAATCAGCAGACAGCAGTGGTACTTATGTGGTATTC,2.21,2.21,None,None
P104_CD3--CTCTACGGTCAGCTAT,TRUE,CTCTACGGTCAGCTAT-1_375,TRUE,None,IGK,IGKV3-11*01,None,IGKJ2*01,IGKC,None,TRUE,CQQRSNWPPENTF,TGTCAGCAGCGTAGCAACTGGCCTCCGGAGAACACTTTT,2.97,2.97,None,None
P104_CD3--ATAACGCGTCGTGGCT,TRUE,ATAACGCGTCGTGGCT-1_681,TRUE,None,IGK,IGKV3-20*01,None,IGKJ1*01,None,None,TRUE,CQQYGSSRTF,TGTCAGCAGTATGGTAGCTCACGGACGTTC,1,1,None,None
P104_CD3--GGTGAAGCATCCAACA,TRUE,GGTGAAGCATCCAACA-1_14982,TRUE,None,IGK,IGKV3-15*01,None,IGKJ4*01,IGKC,None,FALSE,CQQYNNWPLTF,TGTCAGCAGTATAATAACTGGCCTCTCACTTTC,14,14,None,None
P104_CD3--TGACGGCGTACCGTAT,TRUE,TGACGGCGTACCGTAT-1_2426,TRUE,None,IGH,IGHV4-34*13,IGHD3-22*01,IGHJ6*04,IGHD,None,TRUE,CARGNDSSGYYSGGHYYMDVW,TGTGCGAGAGGCAATGATAGTAGTGGTTATTACTCGGGTGGCCACTACTACATGGACGTCTGG,8.68,8.68,None,None
P104_CD3--TGACGGCGTACCGTAT,TRUE,TGACGGCGTACCGTAT-1_143,TRUE,None,IGK,IGKV1-39*01,None,IGKJ2*01,IGKC,None,TRUE,CQQSYSTAMYTF,TGTCAACAGAGTTACAGTACCGCCATGTACACTTTT,17.67,17.67,None,None
P104_CD3--GTCACGGCAACACGCC,TRUE,GTCACGGCAACACGCC-1_37429,TRUE,None,IGK,IGKV1-17*01,None,IGKJ4*01,None,None,TRUE,CLQHNSYPLTF,TGTCTACAGCATAATAGTTACCCTCTCACTTTC,1,1,None,None
P104_CD3--CTGCGGACAGTAACGG,TRUE,CTGCGGACAGTAACGG-1_295,TRUE,None,IGK,IGKV3-20*01,None,IGKJ1*01,None,None,TRUE,CQQYGSSPWTF,TGTCAGCAGTATGGTAGCTCACCGTGGACGTTC,2.48,2.48,None,None
P104_CD3--GTTACAGCATCCGCGA,TRUE,GTTACAGCATCCGCGA-1_94,TRUE,None,IGK,IGKV1-9*01,None,IGKJ4*01,IGKC,None,TRUE,CQQLNSYPLTF,TGTCAACAGCTTAATAGTTACCCTCTCACTTTC,10.21,10.21,None,None
P104_CD3--ATCATCTTCGAGAACG,TRUE,ATCATCTTCGAGAACG-1_1665,TRUE,None,IGH,IGHV1-69*01,IGHD5-24*01,IGHJ4*02,None,None,TRUE,CARDGDPEGYW,TGTGCGAGAGATGGGGATCCAGAAGGCTACTGG,6.24,6.24,None,None
P104_CD3--ATCATCTTCGAGAACG,TRUE,ATCATCTTCGAGAACG-1_1599,TRUE,None,IGL,IGLV2-14*01,None,IGLJ3*02,IGLC3,None,TRUE,CSSYTSSSPWVF,TGCAGCTCATATACAAGCAGCAGCCCTTGGGTGTTC,13.06,13.06,None,None
P104_CD3--GGGACCTTCACCTTAT,TRUE,GGGACCTTCACCTTAT-1_344,TRUE,None,IGK,IGKV3-11*01,None,IGKJ3*01,IGKC,None,FALSE,CQQRSNWPVTF,TGTCAGCAGCGTAGCAACTGGCCTGTCACTTTC,17.27,17.27,None,None
P104_CD3--CGTTCTGGTGAACCTT,TRUE,CGTTCTGGTGAACCTT-1_3921,TRUE,None,IGL,IGLV2-11*01,None,IGLJ1*01,None,None,TRUE,CCSYAGSYTFEVF,TGCTGCTCATATGCAGGCAGCTACACTTTCGAGGTCTTC,3.59,3.59,None,None
P104_CD3--CTCTGGTAGGCCCTCA,TRUE,CTCTGGTAGGCCCTCA-1_3895,TRUE,None,IGH,IGHV4-59*08,IGHD4-11*01,IGHJ4*02,None,None,FALSE,CARFSPGTVTDW,TGTGCGAGATTTAGCCCCGGGACAGTAACTGATTGG,1.58,1.58,None,None
P104_CD3--CTCTGGTAGGCCCTCA,TRUE,CTCTGGTAGGCCCTCA-1_246,TRUE,None,IGK,IGKV1-33*01,None,IGKJ4*01,IGKC,None,FALSE,CQQYDNLLPLTF,TGTCAACAGTATGATAATCTCCTTCCGCTCACTTTC,18.36,18.36,None,None
P104_CD3--GACTAACCAAAGCAAT,TRUE,GACTAACCAAAGCAAT-1_1833,TRUE,None,IGL,IGLV3-1*01,None,IGLJ2*01,IGLC2,None,TRUE,CQAWDSSTAHVVF,TGTCAGGCGTGGGACAGCAGCACTGCTCATGTGGTATTC,4.46,4.46,None,None
P104_CD3--GACCTGGTCCCGACTT,TRUE,GACCTGGTCCCGACTT-1_2663,TRUE,None,IGL,IGLV1-47*01,None,IGLJ2*01,None,None,TRUE,CAAWDDSLSGVVF,TGTGCAGCATGGGATGACAGCCTGAGTGGTGTGGTATTC,2.59,2.59,None,None
P104_CD3--TACTTACGTAACGACG,TRUE,TACTTACGTAACGACG-1_1561,TRUE,None,IGK,IGKV2-28*01,None,IGKJ4*01,IGKC,None,TRUE,CMQALQTALTF,TGCATGCAAGCTCTACAAACTGCCCTCACTTTC,8.39,8.39,None,None
P104_CD3--GGCGTGTGTTCCGTCT,TRUE,GGCGTGTGTTCCGTCT-1_6174,TRUE,None,IGK,IGKV6-21*01,None,IGKJ2*01,IGKC,None,TRUE,CHQSSSLPYTF,TGTCATCAGAGTAGTAGTTTACCGTACACTTTT,2.3,2.3,None,None
P104_CD3--TGGCCAGGTAGAGCTG,TRUE,TGGCCAGGTAGAGCTG-1_1087,TRUE,None,IGH,IGHV5-10-1*02,IGHD2-15*01,IGHJ3*02,IGHM,None,FALSE,CARQGGSLFSGIW,TGTGCGAGACAAGGAGGATCCTTATTCTCCGGTATCTGG,3.95,3.95,None,None
P104_CD3--TGGCCAGGTAGAGCTG,TRUE,TGGCCAGGTAGAGCTG-1_1065,TRUE,None,IGK,IGKV1-5*03,None,IGKJ2*01,IGKC,None,FALSE,CQQYNSYNTF,TGCCAACAGTATAATAGTTACAACACTTTT,3.17,3.17,None,None
P104_CD3--GACTACAAGCGTCAAG,TRUE,GACTACAAGCGTCAAG-1_28787,TRUE,None,IGK,IGKV3-20*01,None,IGKJ2*01,None,None,TRUE,CQRYGTYTF,TGTCAGCGGTATGGTACCTACACTTTT,1,1,None,None
P104_CD3--CAGTAACGTCTCTTAT,TRUE,CAGTAACGTCTCTTAT-1_1405,TRUE,None,IGH,IGHV4-34*01,IGHD2-15*01,IGHJ4*02,IGHM,None,TRUE,CARVPDIRYCSGGSCEEYYFDYW,TGTGCGAGAGTCCCTGATATCCGATATTGTAGTGGTGGTAGCTGCGAGGAGTACTACTTTGACTACTGG,1.61,1.61,None,None
P104_CD3--CAGTAACGTCTCTTAT,TRUE,CAGTAACGTCTCTTAT-1_35016,TRUE,None,IGL,IGLV3-19*01,None,IGLJ3*02,IGLC2,None,TRUE,CNSRDSSGNHRVF,TGTAACTCCCGGGACAGCAGTGGTAACCATCGGGTGTTC,5.97,5.97,None,None
P104_CD3--GACACGCAGATGTAAC,TRUE,GACACGCAGATGTAAC-1_1854,TRUE,None,IGL,IGLV1-44*01,None,IGLJ2*01,None,None,TRUE,CAAWDDSLNGVVF,TGTGCAGCATGGGATGACAGCCTGAATGGTGTGGTATTC,7.69,7.69,None,None
P104_CD3--TAGAGCTGTACGCTGC,TRUE,TAGAGCTGTACGCTGC-1_3938,TRUE,None,IGH,IGHV2-5*02,IGHD6-6*01,IGHJ5*02,None,None,TRUE,CAHSGYSSSGGFDPW,TGTGCACACAGTGGGTATAGCAGCTCGGGGGGGTTCGACCCCTGG,3.96,3.96,None,None
P104_CD3--GTCACAAGTCTACCTC,TRUE,GTCACAAGTCTACCTC-1_142,TRUE,None,IGK,IGKV4-1*01,None,IGKJ3*01,IGKC,None,TRUE,CQQYYSTPPTF,TGTCAGCAATATTATAGTACTCCCCCCACTTTC,3,3,None,None
P104_CD3--CAGCATACAAACAACA,TRUE,CAGCATACAAACAACA-1_15626,TRUE,None,IGK,IGKV3-15*01,None,IGKJ1*01,IGKC,None,TRUE,CQQYNNWPGTF,TGTCAGCAGTATAATAACTGGCCTGGAACGTTC,2,2,None,None
P104_CD3--ACTGAGTAGAACAACT,TRUE,ACTGAGTAGAACAACT-1_1397,TRUE,None,IGH,IGHV4-34*01,IGHD4-17*01,IGHJ4*02,None,None,TRUE,CASRSGFPYYFGYW,TGTGCGAGCCGTTCGGGATTCCCCTACTACTTTGGCTACTGG,1.98,1.98,None,None
P104_CD3--ACTGAGTAGAACAACT,TRUE,ACTGAGTAGAACAACT-1_1831,TRUE,None,IGL,IGLV3-1*01,None,IGLJ2*01,None,None,TRUE,CQAWDSSTVVF,TGTCAGGCGTGGGACAGCAGCACTGTGGTATTC,1.36,1.36,None,None
P104_CD3--GGAGCAAAGGCTCATT,TRUE,GGAGCAAAGGCTCATT-1_11142,TRUE,None,IGH,IGHV4-34*01,IGHD2-15*01,IGHJ3*02,IGHD,None,TRUE,CARPRHCSGGSCYSGEAFDIW,TGTGCGAGACCCAGGCATTGTAGTGGTGGTAGCTGCTACTCCGGGGAGGCTTTTGATATCTGG,6,6,None,None
P104_CD3--AAACCTGCATCCCATC,TRUE,AAACCTGCATCCCATC-1_26993,TRUE,None,IGK,IGKV3-20*01,None,IGKJ4*01,None,None,TRUE,CQQYDSSPLLTF,TGTCAGCAGTATGATAGCTCACCTCTGCTCACTTTC,1,1,None,None
P104_CD3--ACTGTCCAGGGAAACA,TRUE,ACTGTCCAGGGAAACA-1_1023,TRUE,None,IGH,IGHV4-34*01,IGHD6-6*01,IGHJ4*02,None,None,TRUE,CARGRGSSSSTGDYW,TGTGCGAGAGGTAGAGGTAGCAGCTCGTCCACTGGTGACTACTGG,2.09,2.09,None,None
P104_CD3--ACTGTCCAGGGAAACA,TRUE,ACTGTCCAGGGAAACA-1_4197,TRUE,None,IGK,IGKV2-24*01,None,IGKJ2*01,IGKC,None,TRUE,CMQATQFPHTF,TGCATGCAAGCTACACAATTTCCTCACACTTTT,3.67,3.67,None,None
P104_CD3--ACTGAACCAGTATCTG,TRUE,ACTGAACCAGTATCTG-1_2462,TRUE,None,IGH,IGHV3-21*01,IGHD2-21*01,IGHJ6*01,None,None,TRUE,CARGFVVVIARPYYYGMDVW,TGTGCGAGAGGATTTGTGGTGGTGATTGCCAGGCCCTACTACTACGGTATGGACGTCTGG,1,1,None,None
P104_CD3--CTTCTCTGTGTGGTTT,TRUE,CTTCTCTGTGTGGTTT-1_974,TRUE,None,IGL,IGLV3-19*01,None,IGLJ2*01,IGLC2,None,TRUE,CNSRDSSGNRVVF,TGTAACTCCCGGGACAGCAGTGGTAACCGCGTGGTATTC,28.56,28.56,None,None
P104_CD3--TGTTCCGAGCCCTAAT,TRUE,TGTTCCGAGCCCTAAT-1_2128,TRUE,None,IGH,IGHV1-69*01,IGHD3-10*01,IGHJ6*02,None,None,TRUE,CARDHGSGSGSYQGRDKPLYGMDVW,TGTGCGAGAGACCATGGTAGTGGTTCAGGGAGTTATCAAGGCAGGGACAAACCCCTCTACGGTATGGACGTCTGG,2.24,2.24,None,None
P104_CD3--CAGATCAGTGATGTCT,TRUE,CAGATCAGTGATGTCT-1_270,TRUE,None,IGK,IGKV3-20*01,None,IGKJ1*01,IGKC,None,TRUE,CQQYGSSLWTF,TGTCAGCAGTATGGTAGCTCCCTCTGGACGTTC,10.12,10.12,None,None
P104_CD3--CACCACTGTCCTAGCG,TRUE,CACCACTGTCCTAGCG-1_1391,TRUE,None,IGK,IGKV4-1*01,None,IGKJ3*01,IGKC,None,TRUE,CQQYYSTPPTF,TGTCAGCAATATTATAGTACTCCCCCCACTTTC,1,1,None,None
P104_CD3--CACACAATCAATCTCT,TRUE,CACACAATCAATCTCT-1_1400,TRUE,None,IGL,IGLV2-14*01,None,IGLJ3*02,None,None,TRUE,CSSYTSSSTWVF,TGCAGCTCATATACAAGCAGCAGCACTTGGGTGTTC,4.22,4.22,None,None
P104_CD3--TGGCCAGGTGTGACCC,TRUE,TGGCCAGGTGTGACCC-1_2022,TRUE,None,IGL,IGLV3-1*01,None,IGLJ2*01,None,None,FALSE,CQAWDSSTAVF,TGTCAGGCGTGGGACAGCAGCACTGCGGTATTC,5.12,5.12,None,None
P104_CD3--AGCTCTCTCCGATATG,TRUE,AGCTCTCTCCGATATG-1_4725,TRUE,None,IGH,IGHV5-10-1*03,IGHD6-13*01,IGHJ3*02,None,None,TRUE,CARRGAAAGPNAFDIW,TGTGCGAGACGGGGGGCAGCAGCTGGTCCTAATGCTTTTGATATCTGG,1.44,1.44,None,None
P104_CD3--AGCTCTCTCCGATATG,TRUE,AGCTCTCTCCGATATG-1_2004,TRUE,None,IGL,IGLV2-23*02,None,IGLJ3*02,IGLC2,None,TRUE,CCSYAGSSTFWVF,TGCTGCTCATATGCAGGTAGTAGCACTTTTTGGGTGTTC,2.69,2.69,None,None
P104_CD3--CCTCAGTCAGACGCCT,TRUE,CCTCAGTCAGACGCCT-1_1835,TRUE,None,IGL,IGLV3-1*01,None,IGLJ2*01,None,None,TRUE,CQAWDSSTAGVVF,TGTCAGGCGTGGGACAGCAGCACTGCAGGGGTGGTATTC,4.28,4.28,None,None
P104_CD3--AGCCTAACAGTATGCT,TRUE,AGCCTAACAGTATGCT-1_620,TRUE,None,IGH,IGHV4-34*01,IGHD3-3*01,IGHJ4*02,IGHD,None,TRUE,CARGGFRDWLYGFDYW,TGTGCGAGAGGGGGGTTTAGGGACTGGTTATACGGATTTGACTACTGG,1,1,None,None
P104_CD3--AGCCTAACAGTATGCT,TRUE,AGCCTAACAGTATGCT-1_2305,TRUE,None,IGL,IGLV2-8*01,None,IGLJ2*01,IGLC2,None,TRUE,CSSYAGSNSVVF,TGCAGCTCATATGCAGGCAGCAACTCTGTGGTATTC,4.94,4.94,None,None
P104_CD3--TCAATCTGTCTCTTAT,TRUE,TCAATCTGTCTCTTAT-1_1853,TRUE,None,IGK,IGKV1-12*01,None,IGKJ1*01,None,None,TRUE,CQQANSFPPAF,TGTCAACAGGCTAACAGTTTCCCTCCGGCGTTT,2,2,None,None
P104_CD3--GCATGCGTCACCGTAA,TRUE,GCATGCGTCACCGTAA-1_1607,TRUE,None,IGL,IGLV2-14*01,None,IGLJ1*01,None,None,TRUE,CSSYTSSSTLEVF,TGCAGCTCATATACAAGCAGCAGCACTCTCGAAGTCTTC,2.72,2.72,None,None
P104_CD3--CGAACATCATTTCAGG,TRUE,CGAACATCATTTCAGG-1_4286,TRUE,None,IGK,IGKV2-24*01,None,IGKJ5*01,IGKC,None,TRUE,CMQATQLTTF,TGCATGCAAGCTACACAATTGACCACCTTC,2,2,None,None
P104_CD3--TCATTTGTCACATAGC,TRUE,TCATTTGTCACATAGC-1_3524,TRUE,None,IGK,IGKV2-30*01,None,IGKJ4*01,None,None,TRUE,CMQGTHWPYPPPALTF,TGCATGCAAGGTACACACTGGCCTTATCCCCCTCCCGCGCTCACTTTC,1,1,None,None
P104_CD3--GTATCTTGTATCACCA,TRUE,GTATCTTGTATCACCA-1_42670,TRUE,None,IGH,IGHV5-51*01,IGHD2-2*01,IGHJ4*02,None,None,TRUE,CARGRLFFDYW,TGTGCGAGAGGAAGGCTATTCTTTGACTACTGG,1,1,None,None
P104_CD3--TCTTCGGGTGGCGAAT,TRUE,TCTTCGGGTGGCGAAT-1_1473,TRUE,None,IGH,IGHV4-34*01,IGHD6-19*01,IGHJ1*01,None,None,TRUE,CARGLGTHSSGWYGYFQHW,TGTGCGAGAGGCCTCGGTACCCATAGCAGTGGCTGGTACGGATACTTCCAGCACTGG,4.46,4.46,None,None
P104_CD3--TCTTCGGGTGGCGAAT,TRUE,TCTTCGGGTGGCGAAT-1_1951,TRUE,None,IGK,IGKV1-8*01,None,IGKJ4*01,IGKC,None,TRUE,CQQYYSYPLTF,TGTCAACAGTATTATAGTTACCCGCTCACTTTC,5.21,5.21,None,None
P104_CD3--CACATTTTCACGCGGT,TRUE,CACATTTTCACGCGGT-1_345,TRUE,None,IGK,IGKV3-20*01,None,IGKJ2*01,None,None,TRUE,CQQYGSSPYTF,TGTCAGCAGTATGGTAGCTCACCCTACACTTTT,2,2,None,None
P104_CD3--TACACGAAGCGCTTAT,TRUE,TACACGAAGCGCTTAT-1_48071,TRUE,None,IGH,IGHV4-59*09,IGHD3-16*02,IGHJ4*02,None,None,TRUE,CASGYDYIWGSYRDW,TGTGCGAGCGGTTATGATTACATTTGGGGGAGTTATCGGGACTGG,6,6,None,None
P104_CD3--GCTGCGATCCCTGACT,TRUE,GCTGCGATCCCTGACT-1_1089,TRUE,None,IGH,IGHV4-59*01,IGHD6-19*01,IGHJ1*01,IGHM,None,TRUE,CATAVAGTLEYFQHW,TGTGCGACGGCAGTGGCTGGTACTCTTGAATACTTCCAGCACTGG,2.18,2.18,None,None
P104_CD3--GGGATGAAGGCTAGGT,TRUE,GGGATGAAGGCTAGGT-1_54,TRUE,None,IGK,IGKV1-39*01,None,IGKJ1*01,IGKC,None,TRUE,CQQSYSTLWTF,TGTCAACAGAGTTACAGTACCCTTTGGACGTTC,4.27,4.27,None,None
P104_CD3--GTCACAAGTCTCAACA,TRUE,GTCACAAGTCTCAACA-1_1812,TRUE,None,IGL,IGLV1-40*01,None,IGLJ2*01,None,None,TRUE,CQSYDSSLSGSGVF,TGCCAGTCCTATGACAGCAGCCTGAGTGGTTCGGGGGTATTC,2.62,2.62,None,None
P104_CD3--GGATTACCATCACCCT,TRUE,GGATTACCATCACCCT-1_3920,TRUE,None,IGH,IGHV3-7*03,IGHD3-10*01,IGHJ5*02,None,None,TRUE,CARLGPLSRVRGVMGWFDPW,TGTGCGAGACTCGGGCCCCTTTCGAGGGTTCGGGGAGTTATGGGGTGGTTCGACCCCTGG,1.33,1.33,None,None
P104_CD3--GGATTACCATCACCCT,TRUE,GGATTACCATCACCCT-1_1814,TRUE,None,IGL,IGLV1-40*01,None,IGLJ2*01,IGLC2,None,TRUE,CQSYDSSLSGSVF,TGCCAGTCCTATGACAGCAGCCTGAGTGGTTCGGTATTC,17.82,17.82,None,None
P104_CD3--TACGGATTCTGCGACG,TRUE,TACGGATTCTGCGACG-1_2359,TRUE,None,IGH,IGHV3-23*01,IGHD1-26*01,IGHJ4*02,None,None,TRUE,CAKALLSIVGAPHYYFDYW,TGTGCGAAAGCACTCCTTTCGATAGTGGGAGCTCCCCACTACTACTTTGACTACTGG,2.18,2.18,None,None
P104_CD3--TACGGATTCTGCGACG,TRUE,TACGGATTCTGCGACG-1_965,TRUE,None,IGL,IGLV3-19*01,None,IGLJ2*01,IGLC2,None,TRUE,CNSRDSSGLVF,TGTAACTCCCGGGACAGCAGTGGTCTGGTATTC,8.21,8.21,None,None
P104_CD3--GCTCTGTCAAACGCGA,TRUE,GCTCTGTCAAACGCGA-1_283,TRUE,None,IGK,IGKV3-20*01,None,IGKJ1*01,IGKC,None,FALSE,CQQYGSSPWTF,TGTCAGCAGTATGGTAGCTCACCGTGGACGTTC,7.97,7.97,None,None
P104_CD3--AGCATACCACAGTCGC,TRUE,AGCATACCACAGTCGC-1_3295,TRUE,None,IGK,IGKV3-11*01,None,IGKJ1*01,IGKC,None,TRUE,CQQRSNWSWTF,TGTCAGCAGCGTAGCAACTGGTCGTGGACGTTC,4.18,4.18,None,None
P104_CD3--ACGGGTCAGGCATGGT,TRUE,ACGGGTCAGGCATGGT-1_1028,TRUE,None,IGK,IGKV3-15*01,None,IGKJ2*01,IGKC,None,TRUE,CQQYNNWPRRMYTF,TGTCAGCAGTATAATAACTGGCCTCGGCGGATGTACACTTTT,7.1,7.1,None,None
P104_CD3--TAGACCAAGCCACGCT,TRUE,TAGACCAAGCCACGCT-1_3665,TRUE,None,IGH,IGHV4-59*01,IGHD5-18*01,IGHJ3*02,None,None,TRUE,CARGSVQLWPYAFDIW,TGTGCGAGAGGATCGGTACAGCTATGGCCATATGCTTTTGATATCTGG,3.98,3.98,None,None
P104_CD3--CTGCTGTCAGGTGGAT,TRUE,CTGCTGTCAGGTGGAT-1_50,TRUE,None,IGK,IGKV2-28*01,None,IGKJ5*01,IGKC,None,TRUE,CMQALQTPVTF,TGCATGCAAGCTCTACAAACTCCGGTCACCTTC,5.73,5.73,None,None
P104_CD3--TGGCGCATCACGAAGG,TRUE,TGGCGCATCACGAAGG-1_2427,TRUE,None,IGH,IGHV3-33*01,IGHD5-24*01,IGHJ6*02,IGHD,None,FALSE,CARDGSGAWYLSDYYYYGMDVW,TGTGCGAGAGATGGCTCAGGTGCCTGGTACCTTTCCGACTACTACTACTACGGTATGGACGTCTGG,6,6,None,None
P104_CD3--TGGCGCATCACGAAGG,TRUE,TGGCGCATCACGAAGG-1_10608,TRUE,None,IGK,IGKV1-12*01,None,IGKJ4*01,IGKC,None,FALSE,CQQANSFPRTF,TGTCAACAGGCTAACAGTTTCCCTAGAACTTTC,13,13,None,None
P104_CD3--CGTCCATGTCCAGTGC,TRUE,CGTCCATGTCCAGTGC-1_1233,TRUE,None,IGH,IGHV4-34*01,IGHD3-22*01,IGHJ4*02,None,None,TRUE,CASSADSSGYNFDYW,TGTGCGAGCTCCGCGGATAGTAGTGGTTACAACTTTGACTACTGG,3.98,3.98,None,None
P104_CD3--CGTCCATGTCCAGTGC,TRUE,CGTCCATGTCCAGTGC-1_1694,TRUE,None,IGK,IGKV1-27*01,None,IGKJ1*01,IGKC,None,TRUE,CQKYNSAPRTF,TGTCAAAAGTATAACAGTGCCCCTCGGACGTTC,9.09,9.09,None,None
P104_CD3--CAGTCCTTCGGATGTT,TRUE,CAGTCCTTCGGATGTT-1_3563,TRUE,None,IGL,IGLV7-46*01,None,IGLJ2*01,IGLC2,None,TRUE,CLLSYSGARPYVVF,TGCTTGCTCTCCTATAGTGGTGCTCGGCCCTATGTGGTATTC,11.81,11.81,None,None
P104_CD3--AAAGTAGTCTCCAACC,TRUE,AAAGTAGTCTCCAACC-1_207,TRUE,None,IGK,IGKV1-5*03,None,IGKJ4*01,IGKC,None,TRUE,CQQYNSYSALTF,TGCCAACAGTATAATAGTTATTCCGCCCTCACTTTC,7.69,7.69,None,None
P104_CD3--AACTTTCTCCGTCATC,TRUE,AACTTTCTCCGTCATC-1_49978,TRUE,None,IGH,IGHV3-9*01,IGHD3-10*01,IGHJ4*02,None,None,TRUE,CAKTAMVQGVTYYFDYW,TGTGCAAAGACAGCTATGGTTCAGGGAGTTACTTACTACTTTGACTACTGG,1,1,None,None
P104_CD3--AACTTTCTCCGTCATC,TRUE,AACTTTCTCCGTCATC-1_1061,TRUE,None,IGK,IGKV1-5*03,None,IGKJ3*01,None,None,TRUE,CQQYNSYSFTF,TGCCAACAGTATAATAGTTATTCTTTCACTTTC,3.52,3.52,None,None
P104_CD3--TAGGCATTCTTGTCAT,TRUE,TAGGCATTCTTGTCAT-1_2553,TRUE,None,IGH,IGHV1-46*01,IGHD3-10*01,IGHJ6*01,None,None,FALSE,GARDFEGTGFRESPGGMDVW,GGTGCGAGAGATTTTGAAGGAACGGGGTTCAGGGAGTCCCCCGGGGGTATGGACGTCTGG,1,1,None,None
P104_CD3--TAGGCATTCTTGTCAT,TRUE,TAGGCATTCTTGTCAT-1_9839,TRUE,None,IGK,IGKV3D-11*02,None,IGKJ5*01,IGKC,None,FALSE,CQQRSNWQITF,TGTCAGCAGCGTAGCAACTGGCAGATCACCTTC,10,10,None,None
P104_CD3--TTAGGCACATAGAAAC,TRUE,TTAGGCACATAGAAAC-1_1590,TRUE,None,IGK,IGKV3-15*01,None,IGKJ2*01,None,None,TRUE,CQQYNNWPPYTF,TGTCAGCAGTATAATAACTGGCCTCCGTACACTTTT,1,1,None,None
P104_CD3--CTAATGGGTCGGCTCA,TRUE,CTAATGGGTCGGCTCA-1_1677,TRUE,None,IGK,IGKV1-33*01,None,IGKJ3*01,IGKC,None,TRUE,CQQYDNLPIFTF,TGTCAACAGTATGATAATCTCCCTATATTCACTTTC,11.33,11.33,None,None
P104_CD3--TTGGAACAGGAGTACC,TRUE,TTGGAACAGGAGTACC-1_1029,TRUE,None,IGK,IGKV3-15*01,None,IGKJ1*01,IGKC,None,TRUE,CQQYNNWPPTF,TGTCAGCAGTATAATAACTGGCCTCCGACGTTC,10.06,10.06,None,None
P104_CD3--TCACGAAAGCGTCAAG,TRUE,TCACGAAAGCGTCAAG-1_177,TRUE,None,IGK,IGKV3-20*01,None,IGKJ4*01,IGKC,None,TRUE,CQQYGSSLALTF,TGTCAGCAGTATGGTAGCTCACTCGCGCTCACTTTC,8,8,None,None
P104_CD3--TATGCCCCAAGCGAGT,TRUE,TATGCCCCAAGCGAGT-1_2931,TRUE,None,IGH,IGHV1-8*01,IGHD1-26*01,IGHJ4*02,None,None,FALSE,CASRPRVGATNHFDYW,TGTGCGAGTCGGCCCCGGGTGGGAGCTACTAACCACTTTGACTACTGG,2.5,2.5,None,None
P104_CD3--TATGCCCCAAGCGAGT,TRUE,TATGCCCCAAGCGAGT-1_778,TRUE,None,IGL,IGLV2-14*01,None,IGLJ2*01,IGLC2,None,FALSE,CSSYTSSSVVF,TGCAGCTCATATACAAGCAGCAGCGTGGTATTC,13.18,13.18,None,None
P104_CD3--CTCTGGTTCTTGTACT,TRUE,CTCTGGTTCTTGTACT-1_977,TRUE,None,IGL,IGLV3-19*01,None,IGLJ2*01,IGLC2,None,TRUE,CNSRDSSGNHLVF,TGTAACTCCCGGGACAGCAGTGGTAACCATCTGGTATTC,5.85,5.85,None,None
P104_CD3--CTACACCGTATATGGA,TRUE,CTACACCGTATATGGA-1_182,TRUE,None,IGK,IGKV1-39*01,None,IGKJ1*01,IGKC,None,TRUE,CQQSYSTPRTF,TGTCAACAGAGTTACAGTACCCCTCGGACGTTC,5,5,None,None
P104_CD3--TCTATTGGTATAATGG,TRUE,TCTATTGGTATAATGG-1_2000,TRUE,None,IGL,IGLV2-23*02,None,IGLJ2*01,None,None,FALSE,CCSYAGSSTLF,TGCTGCTCATATGCAGGTAGTAGCACTTTATTC,4.7,4.7,None,None
P104_CD3--GAATGAAGTATTAGCC,TRUE,GAATGAAGTATTAGCC-1_19864,TRUE,None,IGH,IGHV1-24*01,IGHD2-15*01,IGHJ5*02,IGHM,None,TRUE,CATAGHDCSGGSCYNSNWFDPW,TGTGCAACAGCCGGCCATGATTGTAGTGGTGGTAGCTGCTATAACTCGAACTGGTTCGACCCCTGG,4.67,4.67,None,None
P104_CD3--GAATGAAGTATTAGCC,TRUE,GAATGAAGTATTAGCC-1_1032,TRUE,None,IGK,IGKV3-15*01,None,IGKJ1*01,None,None,TRUE,CQQYNNWPPWTF,TGTCAGCAGTATAATAACTGGCCTCCTTGGACGTTC,2,2,None,None
P104_CD3--AGATTGCCAGCCAATT,TRUE,AGATTGCCAGCCAATT-1_1147,TRUE,None,IGH,IGHV1-46*01,IGHD6-13*01,IGHJ4*02,IGHM,None,TRUE,CARDSGWVAAAGGGDYW,TGTGCGAGAGATAGTGGCTGGGTAGCAGCAGCTGGGGGGGGGGACTACTGG,5.22,5.22,None,None
P104_CD3--AGATTGCCAGCCAATT,TRUE,AGATTGCCAGCCAATT-1_42,TRUE,None,IGK,IGKV1-16*02,None,IGKJ1*01,IGKC,None,TRUE,CQQYNSYPWTF,TGCCAACAGTATAATAGTTACCCGTGGACGTTC,51.24,51.24,None,None
P104_CD3--AGGGAGTGTTCAGGCC,TRUE,AGGGAGTGTTCAGGCC-1_9790,TRUE,None,IGH,IGHV2-26*01,IGHD3-9*01,IGHJ4*02,IGHM,None,TRUE,CARILEVVDYDILTQHMALDYW,TGTGCACGGATTCTGGAAGTAGTAGATTACGATATTTTGACTCAGCATATGGCGCTTGACTACTGG,1.23,1.23,None,None
P104_CD3--ATTGGACGTGGTTTCA,TRUE,ATTGGACGTGGTTTCA-1_2172,TRUE,None,IGH,IGHV1-69*01,IGHD1-20*01,IGHJ5*02,IGHD,None,TRUE,CAREGYAIGSGSFDQGGNWFDPW,TGTGCGAGAGAAGGATATGCCATAGGGAGTGGGAGCTTCGATCAGGGGGGTAACTGGTTCGACCCCTGG,4.03,4.03,None,None
P104_CD3--TTCTCAATCAAACAAG,TRUE,TTCTCAATCAAACAAG-1_3443,TRUE,None,IGL,IGLV1-47*01,None,IGLJ3*02,None,None,TRUE,CAAWDDSLSGWVF,TGTGCAGCATGGGATGACAGCCTGAGTGGTTGGGTGTTC,1,1,None,None
P104_CD3--TGACAACAGTGTGAAT,TRUE,TGACAACAGTGTGAAT-1_320,TRUE,None,IGK,IGKV3-11*01,None,IGKJ3*01,IGKC,None,TRUE,CQQRSNWLFTF,TGTCAGCAGCGTAGCAACTGGCTTTTCACTTTC,13.09,13.09,None,None
P104_CD3--CAGAGAGCACGTGAGA,TRUE,CAGAGAGCACGTGAGA-1_53734,TRUE,None,IGH,IGHV4-28*01,IGHD3-3*01,IGHJ5*02,None,None,TRUE,CARSYYDFWSGYSWFDPW,TGTGCGAGATCGTATTACGATTTTTGGAGTGGTTATAGCTGGTTCGACCCCTGG,1,1,None,None
P104_CD3--CAGAGAGCACGTGAGA,TRUE,CAGAGAGCACGTGAGA-1_2368,TRUE,None,IGL,IGLV3-25*03,None,IGLJ2*01,None,None,TRUE,CQSADSSGTYSVVF,TGTCAATCAGCAGACAGCAGTGGTACTTATTCTGTGGTATTC,1.71,1.71,None,None
P104_CD3--GCAATCACACCAGATT,TRUE,GCAATCACACCAGATT-1_266,TRUE,None,IGK,IGKV1-39*01,None,IGKJ1*01,IGKC,None,TRUE,CQQSYSTPPWTF,TGTCAACAGAGTTACAGTACCCCTCCGTGGACGTTC,3.36,3.36,None,None
P104_CD3--GCTGCTTCACATGGGA,TRUE,GCTGCTTCACATGGGA-1_2356,TRUE,None,IGH,IGHV3-23*01,IGHD3-22*01,IGHJ4*02,None,None,TRUE,CAKDRPYYDSPFDYW,TGTGCGAAAGATCGGCCTTACTATGATAGTCCCTTTGACTACTGG,2.73,2.73,None,None
P104_CD3--GCTGCTTCACATGGGA,TRUE,GCTGCTTCACATGGGA-1_176,TRUE,None,IGK,IGKV2-28*01,None,IGKJ2*01,IGKC,None,TRUE,CMQALQTPYTF,TGCATGCAAGCTCTACAAACTCCGTACACTTTT,10.27,10.27,None,None
P104_CD3--CTCGAGGTCTTGTATC,TRUE,CTCGAGGTCTTGTATC-1_653,TRUE,None,IGK,IGKV3-11*01,None,IGKJ1*01,None,None,TRUE,CQQRSNWPPTF,TGTCAGCAGCGTAGCAACTGGCCTCCTACGTTC,1,1,None,None
P104_CD3--AGTAGTCGTTTAGGAA,TRUE,AGTAGTCGTTTAGGAA-1_203,TRUE,None,IGK,IGKV1-39*01,None,IGKJ1*01,IGKC,None,TRUE,CQQSYSTPRTF,TGTCAACAGAGTTACAGTACCCCTCGAACGTTC,3.76,3.76,None,None
P104_CD3--CAAGGCCCAGCTGCAC,TRUE,CAAGGCCCAGCTGCAC-1_130,TRUE,None,IGH,IGHV3-74*01,IGHD2-8*01,IGHJ4*02,IGHM,None,FALSE,CARLAIGSYYIDYW,TGTGCGCGGTTGGCTATTGGGAGCTACTATATTGACTACTGG,103.81,103.81,None,None
P104_CD3--CAAGGCCCAGCTGCAC,TRUE,CAAGGCCCAGCTGCAC-1_2,TRUE,None,IGK,IGKV4-1*01,None,IGKJ3*01,IGKC,None,FALSE,CQQYYSTPPTF,TGTCAGCAATATTATAGTACTCCCCCCACTTTC,584.12,584.12,None,None
P104_CD3--GTATCTTAGTGTCTCA,TRUE,GTATCTTAGTGTCTCA-1_1541,TRUE,None,IGK,IGKV1-33*01,None,IGKJ2*01,None,None,TRUE,CQQYDNLPQYTF,TGTCAACAGTATGATAATCTCCCTCAGTACACTTTT,3.81,3.81,None,None
P104_CD3--GGCGTGTTCCAAATGC,TRUE,GGCGTGTTCCAAATGC-1_89,TRUE,None,IGK,IGKV1-17*01,None,IGKJ1*01,IGKC,None,TRUE,CLQHNSYPWTF,TGTCTACAGCATAATAGTTACCCGTGGACGTTC,8.33,8.33,None,None
P104_CD3--GTTCTCGTCAACCATG,TRUE,GTTCTCGTCAACCATG-1_31005,TRUE,None,IGK,IGKV1-39*01,None,IGKJ2*01,None,None,TRUE,CQQSYSTPLYTF,TGTCAACAGAGTTACAGTACCCCCTTGTACACTTTT,1,1,None,None
P104_CD3--CTACGTCCATTTGCTT,TRUE,CTACGTCCATTTGCTT-1_257,TRUE,None,IGK,IGKV1-39*01,None,IGKJ3*01,IGKC,None,TRUE,CQQSYSTTTF,TGTCAACAGAGTTACAGTACCACCACTTTC,8.17,8.17,None,None
P104_CD3--ACATCAGGTAAGGGAA,TRUE,ACATCAGGTAAGGGAA-1_1932,TRUE,None,IGH,IGHV3-48*02,IGHD3-3*01,IGHJ3*02,IGHM,None,TRUE,CARSITIFVPAAFDIW,TGTGCGAGAAGTATTACGATTTTTGTGCCCGCTGCTTTTGATATCTGG,2.35,2.35,None,None
P104_CD3--ACATCAGGTAAGGGAA,TRUE,ACATCAGGTAAGGGAA-1_200,TRUE,None,IGK,IGKV3-15*01,None,IGKJ5*01,IGKC,None,TRUE,CQQYNNWPLITF,TGTCAGCAGTATAATAACTGGCCTCTTATCACCTTC,13.42,13.42,None,None
P104_CD3--GGGTCTGTCTTATCTG,TRUE,GGGTCTGTCTTATCTG-1_4124,TRUE,None,IGH,IGHV1-69*08,IGHD2-8*01,IGHJ6*03,None,None,TRUE,CAREYSGDYYYYMDVW,TGTGCGAGAGAATACAGCGGGGACTACTACTACTACATGGACGTCTGG,1,1,None,None
P104_CD3--CAGAATCTCTTTCCTC,TRUE,CAGAATCTCTTTCCTC-1_5323,TRUE,None,IGL,IGLV9-49*01,None,IGLJ3*02,None,None,TRUE,CGADHGSGSNFVWVF,TGTGGGGCAGACCATGGCAGTGGGAGCAACTTCGTGTGGGTGTTC,1.22,1.22,None,None
P104_CD3--GGACAGAAGGAATTAC,TRUE,GGACAGAAGGAATTAC-1_966,TRUE,None,IGL,IGLV3-19*01,None,IGLJ2*01,IGLC2,None,TRUE,CNSRDSSGNHLEF,TGTAACTCCCGGGACAGCAGTGGTAACCATCTGGAATTC,15.72,15.72,None,None
P104_CD3--CAGTCCTCACGGATAG,TRUE,CAGTCCTCACGGATAG-1_12395,TRUE,None,IGK,IGKV1-39*01,None,IGKJ1*01,IGKC,None,FALSE,CQQSYSTPPGF,TGTCAACAGAGTTACAGTACCCCTCCGGGGTTC,5.27,5.27,None,None
P104_CD3--GTTCGGGGTACTCTCC,TRUE,GTTCGGGGTACTCTCC-1_12049,TRUE,None,IGK,IGKV1-17*01,None,IGKJ1*01,IGKC,None,TRUE,CLQHNSYPQTF,TGTCTACAGCATAATAGTTACCCGCAGACGTTC,4,4,None,None
P104_CD3--GCTGCGATCCCTCTTT,TRUE,GCTGCGATCCCTCTTT-1_1752,TRUE,None,IGK,IGKV1-9*01,None,IGKJ1*01,IGKC,None,TRUE,CQQLNSYQWTF,TGTCAACAGCTTAATAGTTACCAGTGGACGTTC,2.06,2.06,None,None
P104_CD3--ACCAGTAGTAGTACCT,TRUE,ACCAGTAGTAGTACCT-1_1229,TRUE,None,IGH,IGHV1-69*06,IGHD4-17*01,IGHJ6*02,IGHM,None,TRUE,CARDYGDYYYYYGMDVW,TGTGCGAGAGACTACGGGGATTACTACTACTACTACGGTATGGACGTCTGG,1.98,1.98,None,None
P104_CD3--ACCAGTAGTAGTACCT,TRUE,ACCAGTAGTAGTACCT-1_300,TRUE,None,IGK,IGKV3-20*01,None,IGKJ1*01,IGKC,None,TRUE,CQQYGSSPWTF,TGTCAGCAGTATGGTAGCTCACCCTGGACGTTC,6.64,6.64,None,None
P104_CD3--CCGGTAGCATGGGAAC,TRUE,CCGGTAGCATGGGAAC-1_18571,TRUE,None,IGH,IGHV3-21*01,IGHD1-7*01,IGHJ3*02,None,None,TRUE,CARDRDITGTTGGNAFDIW,TGTGCGAGAGATCGGGATATAACTGGAACTACGGGGGGAAATGCTTTTGATATCTGG,2.68,2.68,None,None
P104_CD3--TATCTCACACGCCAGT,TRUE,TATCTCACACGCCAGT-1_1711,TRUE,None,IGK,IGKV1-33*01,None,IGKJ4*01,None,None,TRUE,CQQYDNLPPLTF,TGTCAACAGTATGATAATCTCCCCCCGCTCACTTTC,4.97,4.97,None,None
P104_CD3--GGGAGATGTAGCAAAT,TRUE,GGGAGATGTAGCAAAT-1_1043,TRUE,None,IGK,IGKV3-15*01,None,IGKJ2*01,None,None,TRUE,CQQYNNWPPYTF,TGTCAGCAGTATAATAACTGGCCTCCGTACACTTTT,1,1,None,None
P104_CD3--TCAACGAGTGATGTCT,TRUE,TCAACGAGTGATGTCT-1_3689,TRUE,None,IGK,IGKV1-9*01,None,IGKJ5*01,IGKC,None,TRUE,CQQLNSYPRTF,TGTCAACAGCTTAATAGTTACCCTCGAACCTTC,7.03,7.03,None,None
P104_CD3--TCGGGACAGTACGCGA,TRUE,TCGGGACAGTACGCGA-1_1005,TRUE,None,IGL,IGLV3-19*01,None,IGLJ1*01,IGLC1,None,TRUE,CNSRDSSGNHYVF,TGTAACTCCCGGGACAGCAGTGGTAACCATTATGTCTTC,5.67,5.67,None,None
P104_CD3--GGATGTTCAATGAATG,TRUE,GGATGTTCAATGAATG-1_777,TRUE,None,IGL,IGLV2-14*01,None,IGLJ3*02,IGLC2,None,TRUE,CSSYTSSSTLWVF,TGCAGCTCATATACAAGCAGCAGCACTCTTTGGGTGTTC,16.46,16.46,None,None
P104_CD3--CTGTTTAGTACACCGC,TRUE,CTGTTTAGTACACCGC-1_2545,TRUE,None,IGH,IGHV1-46*01,IGHD1-26*01,IGHJ5*02,IGHD,None,FALSE,CAGGGSYSGDWFDPW,TGTGCGGGGGGTGGGAGCTACTCGGGCGATTGGTTCGACCCCTGG,3.98,3.98,None,None
P104_CD3--CTGTTTAGTACACCGC,TRUE,CTGTTTAGTACACCGC-1_387,TRUE,None,IGK,IGKV3-20*01,None,IGKJ1*01,IGKC,None,FALSE,CQQYGSSPTF,TGTCAGCAGTATGGTAGCTCACCGACGTTC,3.83,3.83,None,None
P104_CD3--CTCGGAGCAGGATTGG,TRUE,CTCGGAGCAGGATTGG-1_4619,TRUE,None,IGH,IGHV3-33*01,IGHD2-15*01,IGHJ4*02,IGHD,None,TRUE,CARGYCSGGSCPTDYW,TGTGCGAGAGGGTATTGTAGTGGTGGTAGCTGCCCCACTGACTACTGG,6.71,6.71,None,None
P104_CD3--CTCGGAGCAGGATTGG,TRUE,CTCGGAGCAGGATTGG-1_1063,TRUE,None,IGK,IGKV1-5*03,None,IGKJ2*02,IGKC,None,TRUE,CQQYNSYSF,TGCCAACAGTATAATAGTTATTCTTTT,33.96,33.96,None,None
P104_CD3--TGGTTAGGTGATAAAC,TRUE,TGGTTAGGTGATAAAC-1_1734,TRUE,None,IGK,IGKV3-15*01,None,IGKJ4*01,IGKC,None,TRUE,CQQYNNWPLTF,TGTCAGCAGTATAATAACTGGCCTCTCACTTTC,2.94,2.94,None,None
P104_CD3--CGCTATCGTTGATTGC,TRUE,CGCTATCGTTGATTGC-1_5209,TRUE,None,IGH,IGHV3-53*01,IGHD6-6*01,IGHJ3*02,IGHM,None,TRUE,CAREGRYSSSDAFDIW,TGTGCGAGAGAGGGAAGGTATAGCAGCTCTGATGCTTTTGATATCTGG,2.94,2.94,None,None
P104_CD3--CGCTATCGTTGATTGC,TRUE,CGCTATCGTTGATTGC-1_245,TRUE,None,IGK,IGKV1-39*01,None,IGKJ4*01,IGKC,None,TRUE,CQQSYSTPRDLTF,TGTCAACAGAGTTACAGTACCCCTCGAGACCTCACTTTC,4.46,4.46,None,None
P104_CD3--ACCTTTAAGAACAATC,TRUE,ACCTTTAAGAACAATC-1_1664,TRUE,None,IGH,IGHV1-69*06,IGHD6-6*01,IGHJ6*02,None,None,TRUE,CARDSEYSSSSGLTYYYYYGMDVW,TGTGCGAGAGATTCAGAGTATAGCAGCTCGTCCGGATTAACTTACTACTACTACTACGGTATGGACGTCTGG,1.51,1.51,None,None
P104_CD3--ACCTTTAAGAACAATC,TRUE,ACCTTTAAGAACAATC-1_2289,TRUE,None,IGL,IGLV1-40*01,None,IGLJ2*01,None,None,TRUE,CQSYDSSLSGFVVF,TGCCAGTCCTATGACAGCAGCCTGAGTGGTTTTGTGGTATTC,1,1,None,None
P104_CD3--CTAGTGAAGTAAGTAC,TRUE,CTAGTGAAGTAAGTAC-1_964,TRUE,None,IGL,IGLV3-19*01,None,IGLJ2*01,IGLC2,None,TRUE,CNSRDSSGNHVVF,TGTAACTCCCGGGACAGCAGTGGTAACCATGTGGTATTC,14.85,14.85,None,None
P104_CD3--TGCACCTAGAGGACGG,TRUE,TGCACCTAGAGGACGG-1_37228,TRUE,None,IGH,IGHV1-46*01,IGHD3-10*01,IGHJ6*02,IGHM,None,TRUE,CARVPPYGSGSYYLLYYYGMDVW,TGTGCGAGAGTCCCCCCCTATGGGTCAGGGAGTTATTATCTATTATACTACTACGGTATGGACGTCTGG,1,1,None,None
P104_CD3--ACCAGTAAGGATGGAA,TRUE,ACCAGTAAGGATGGAA-1_1732,TRUE,None,IGK,IGKV3-15*01,None,IGKJ2*01,None,None,TRUE,CQQYNNWPPYTF,TGTCAGCAGTATAATAACTGGCCTCCGTACACTTTT,1,1,None,None
P104_CD3--GCACATACACTGTGTA,TRUE,GCACATACACTGTGTA-1_5565,TRUE,None,IGH,IGHV4-4*02,IGHD3-10*01,IGHJ5*02,None,None,TRUE,CARDQITMVQGVIITGGWFDPW,TGTGCGAGAGATCAGATTACTATGGTTCAGGGAGTTATTATAACCGGAGGTTGGTTCGACCCCTGG,1.5,1.5,None,None
P104_CD3--GCACATACACTGTGTA,TRUE,GCACATACACTGTGTA-1_2358,TRUE,None,IGL,IGLV1-44*01,None,IGLJ7*01,IGLC2,None,TRUE,CAAWDDSLNGAVF,TGTGCAGCATGGGATGACAGCCTGAATGGTGCTGTGTTC,3.56,3.56,None,None
P104_CD3--TTCTCCTCACGCATCG,TRUE,TTCTCCTCACGCATCG-1_287,TRUE,None,IGK,IGKV3-20*01,None,IGKJ1*01,IGKC,None,TRUE,CQQYGSSPVAF,TGTCAGCAGTATGGTAGCTCACCCGTGGCGTTC,11.33,11.33,None,None
P104_CD3--TTGCCGTCAGATCCAT,TRUE,TTGCCGTCAGATCCAT-1_1671,TRUE,None,IGH,IGHV1-69*01,IGHD2-21*02,IGHJ4*02,None,None,TRUE,CARAARTSPFDYW,TGTGCGAGAGCCGCCCGAACAAGCCCCTTTGACTACTGG,3.97,3.97,None,None
P104_CD3--TTGCCGTCAGATCCAT,TRUE,TTGCCGTCAGATCCAT-1_288,TRUE,None,IGK,IGKV3-20*01,None,IGKJ1*01,IGKC,None,TRUE,CQQYGSSPWTF,TGTCAGCAGTATGGTAGCTCACCGTGGACGTTC,3,3,None,None
P104_CD3--CGCCAAGCACAGTCGC,TRUE,CGCCAAGCACAGTCGC-1_1573,TRUE,None,IGH,IGHV4-34*01,IGHD5-12*01,IGHJ4*02,None,None,TRUE,CASLLGYW,TGTGCGAGTCTGCTTGGCTACTGG,2.96,2.96,None,None
P104_CD3--CGCCAAGCACAGTCGC,TRUE,CGCCAAGCACAGTCGC-1_353,TRUE,None,IGK,IGKV3-11*01,None,IGKJ1*01,IGKC,None,TRUE,CQQRSNWSWTF,TGTCAGCAGCGTAGCAACTGGTCGTGGACGTTC,19.39,19.39,None,None
P104_CD3--TAGTGGTCAGGCAGTA,TRUE,TAGTGGTCAGGCAGTA-1_1690,TRUE,None,IGK,IGKV1-33*01,None,IGKJ3*01,IGKC,None,TRUE,CQQYDNLPPSF,TGTCAACAGTATGATAATCTCCCCCCCTCTTTC,11.06,11.06,None,None
P104_CD3--ATCCACCAGGTTACCT,TRUE,ATCCACCAGGTTACCT-1_5518,TRUE,None,IGH,IGHV3-48*02,IGHD4-17*01,IGHJ4*02,IGHD,None,TRUE,CARALHHPTVTTTYYFDYW,TGTGCGAGAGCCCTACACCACCCTACGGTGACTACGACGTACTACTTTGACTACTGG,7.81,7.81,None,None
P104_CD3--CAACCTCAGGCTCTTA,TRUE,CAACCTCAGGCTCTTA-1_11014,TRUE,None,IGK,IGKV3-20*01,None,IGKJ1*01,IGKC,None,TRUE,CQQYGSSLWTF,TGTCAGCAGTATGGTAGCTCACTTTGGACGTTC,2,2,None,None
P104_CD3--TTGGCAATCAGTTTGG,TRUE,TTGGCAATCAGTTTGG-1_624,TRUE,None,IGH,IGHV4-34*01,IGHD1-20*01,IGHJ3*02,None,None,TRUE,CARGGIPNGEGAFDIW,TGTGCGAGAGGGGGGATCCCTAATGGCGAGGGCGCTTTTGATATCTGG,1,1,None,None
P104_CD3--TTGGCAATCAGTTTGG,TRUE,TTGGCAATCAGTTTGG-1_1954,TRUE,None,IGK,IGKV1-8*01,None,IGKJ1*01,IGKC,None,TRUE,CQQYYSYPRTF,TGTCAACAGTATTATAGTTACCCTCGGACGTTC,1.58,1.58,None,None
P104_CD3--TCTCTAAGTCAATACC,TRUE,TCTCTAAGTCAATACC-1_2388,TRUE,None,IGH,IGHV3-23*01,IGHD2-21*02,IGHJ4*02,IGHM,None,TRUE,CAKDPRPIDYW,TGTGCGAAAGATCCTCGTCCGATTGACTACTGG,1.45,1.45,None,None
P104_CD3--TCTCTAAGTCAATACC,TRUE,TCTCTAAGTCAATACC-1_1034,TRUE,None,IGK,IGKV3-15*01,None,IGKJ1*01,None,None,TRUE,CQQYNNWPRTF,TGTCAGCAGTATAATAACTGGCCTCGGACGTTC,10.64,10.64,None,None
P104_CD3--GAATAAGGTCCGCTGA,TRUE,GAATAAGGTCCGCTGA-1_44,TRUE,None,IGK,IGKV3-11*01,None,IGKJ1*01,IGKC,None,TRUE,CQQRSNWPRTF,TGTCAGCAGCGTAGCAACTGGCCTCGGACGTTC,6.58,6.58,None,None
P104_CD3--GAATGAATCGTGGTCG,TRUE,GAATGAATCGTGGTCG-1_6932,TRUE,None,IGK,IGKV3-20*01,None,IGKJ1*01,None,None,TRUE,CQQYGSSPPTF,TGTCAGCAGTATGGTAGCTCACCTCCGACGTTC,1,1,None,None
P104_CD3--TGCGCAGCATCGTCGG,TRUE,TGCGCAGCATCGTCGG-1_7313,TRUE,None,IGH,IGHV3-53*01,IGHD3-22*01,IGHJ2*01,IGHM,None,TRUE,CARDSRGFDLW,TGTGCGAGAGATAGCAGGGGTTTCGATCTCTGG,2,2,None,None
P104_CD3--TGCGCAGCATCGTCGG,TRUE,TGCGCAGCATCGTCGG-1_3518,TRUE,None,IGL,IGLV1-47*01,None,IGLJ3*02,None,None,TRUE,CAAWDDSLSGWVF,TGTGCAGCATGGGATGACAGCCTGAGTGGTTGGGTGTTC,1,1,None,None
P104_CD3--TGCCCATAGACAATAC,TRUE,TGCCCATAGACAATAC-1_5432,TRUE,None,IGL,IGLV1-51*01,None,IGLJ2*01,None,None,TRUE,CGTWDSSLSAVVF,TGCGGAACATGGGATAGCAGCCTGAGTGCTGTGGTATTC,1,1,None,None
P104_CD3--TAAACCGAGACTCGGA,TRUE,TAAACCGAGACTCGGA-1_10020,TRUE,None,IGK,IGKV4-1*01,None,IGKJ3*01,IGKC,None,TRUE,CQQYYSTPPTF,TGTCAGCAATATTATAGTACTCCCCCCACTTTC,1,1,None,None
P104_CD3--GGGAATGGTACGAAAT,TRUE,GGGAATGGTACGAAAT-1_14928,TRUE,None,IGK,IGKV1-16*01,None,IGKJ4*01,IGKC,None,TRUE,CQQYNSYPRTF,TGCCAACAGTATAATAGTTACCCTCGGACTTTC,3,3,None,None
P104_CD3--TACTTGTCAGGAATGC,TRUE,TACTTGTCAGGAATGC-1_34958,TRUE,None,IGK,IGKV2-28*01,None,IGKJ2*01,None,None,TRUE,CMQALQTPYTF,TGCATGCAAGCTCTACAAACCCCTTACACTTTT,1,1,None,None
P104_CD3--TTTCCTCTCCAGTATG,TRUE,TTTCCTCTCCAGTATG-1_1035,TRUE,None,IGK,IGKV3-15*01,None,IGKJ1*01,IGKC,None,TRUE,CQQYNNWPPRTF,TGTCAGCAGTATAATAACTGGCCTCCGAGGACGTTC,6,6,None,None
P104_CD3--AGTCTTTAGCTAGCCC,TRUE,AGTCTTTAGCTAGCCC-1_15861,TRUE,None,IGL,IGLV3-19*01,None,IGLJ2*01,None,None,FALSE,CNSRDSSGNHLEVF,TGTAACTCCCGGGACAGCAGTGGTAACCATCTGGAGGTATTC,8,8,None,None
P104_CD3--GATCGTATCTTTAGTC,TRUE,GATCGTATCTTTAGTC-1_1761,TRUE,None,IGL,IGLV1-40*01,None,IGLJ2*01,None,None,TRUE,CQSYDSSLSGVVF,TGCCAGTCCTATGACAGCAGCCTGAGTGGTGTGGTATTC,1.82,1.82,None,None
P104_CD3--TGCCCATTCGAACTGT,TRUE,TGCCCATTCGAACTGT-1_1977,TRUE,None,IGL,IGLV1-44*01,None,IGLJ7*01,IGLC3,None,TRUE,CAAWDDSLNGAVF,TGTGCAGCATGGGATGACAGCCTGAATGGTGCTGTGTTC,3.31,3.31,None,None
P104_CD3--CGATGGCAGTCGATAA,TRUE,CGATGGCAGTCGATAA-1_11620,TRUE,None,IGK,IGKV2-24*01,None,IGKJ1*01,None,None,TRUE,CMQATQFPWTF,TGCATGCAAGCTACACAATTTCCGTGGACGTTC,1,1,None,None
P104_CD3--GCATACATCAAAGACA,TRUE,GCATACATCAAAGACA-1_3916,TRUE,None,IGH,IGHV3-30*18,IGHD2-8*01,IGHJ6*03,None,None,TRUE,CAKCGLRSINYYYMDVW,TGTGCGAAATGTGGACTACGCTCTATAAACTACTACTACATGGACGTCTGG,1,1,None,None
P104_CD3--CCCAATCGTCTTCAAG,TRUE,CCCAATCGTCTTCAAG-1_13386,TRUE,None,IGK,IGKV1-16*02,None,IGKJ2*01,IGKC,None,FALSE,CQQYNSYPHTF,TGCCAACAGTATAATAGTTACCCTCACACTTTT,5.21,5.21,None,None
P104_CD3--GATCGTATCTTAGCCC,TRUE,GATCGTATCTTAGCCC-1_10329,TRUE,None,IGL,IGLV1-40*01,None,IGLJ2*01,IGLC2,None,TRUE,CQSYDSSLSGVVF,TGCCAGTCCTATGACAGCAGCCTGAGTGGTGTGGTATTC,1,1,None,None
P104_CD3--CTACCCAGTGCAGTAG,TRUE,CTACCCAGTGCAGTAG-1_3828,TRUE,None,IGH,IGHV2-5*02,IGHD1-26*01,IGHJ4*02,None,None,TRUE,CAHLNSGSYFFDYW,TGTGCACACCTTAATAGTGGGAGCTATTTTTTTGACTACTGG,1.1,1.1,None,None
P104_CD3--CTACCCAGTGCAGTAG,TRUE,CTACCCAGTGCAGTAG-1_255,TRUE,None,IGK,IGKV1-39*01,None,IGKJ1*01,IGKC,None,TRUE,CQQSYSTLTWTF,TGTCAACAGAGTTACAGTACCCTCACGTGGACGTTC,4.92,4.92,None,None
P104_CD3--ATAAGAGGTCAATACC,TRUE,ATAAGAGGTCAATACC-1_236,TRUE,None,IGK,IGKV1-39*01,None,IGKJ1*01,IGKC,None,FALSE,CQQSYSTPWTF,TGTCAACAGAGTTACAGTACCCCGTGGACGTTC,4.12,4.12,None,None
P104_CD3--CCGTACTTCGAGAACG,TRUE,CCGTACTTCGAGAACG-1_2087,TRUE,None,IGK,IGKV3-15*01,None,IGKJ2*01,None,None,TRUE,CQQYNNWPPYTF,TGTCAGCAGTATAATAACTGGCCTCCGTACACTTTT,1,1,None,None
P104_CD3--AGATCTGTCAGCGATT,TRUE,AGATCTGTCAGCGATT-1_337,TRUE,None,IGK,IGKV3-20*01,None,IGKJ4*01,IGKC,None,TRUE,CQQYGSSPLTF,TGTCAGCAGTATGGTAGCTCACCCCTCACTTTC,4.09,4.09,None,None
P104_CD3--CCTCTGACATGGTAGG,TRUE,CCTCTGACATGGTAGG-1_231,TRUE,None,IGK,IGKV1-39*01,None,IGKJ1*01,IGKC,None,TRUE,CQQSYSTPRSF,TGTCAACAGAGTTACAGTACCCCTCGGTCGTTC,6.67,6.67,None,None
P104_CD3--CGTTAGAGTAGGGACT,TRUE,CGTTAGAGTAGGGACT-1_9476,TRUE,None,IGK,IGKV4-1*01,None,IGKJ1*01,IGKC,None,TRUE,CQQYYSTPRTF,TGTCAGCAATATTATAGTACTCCTCGGACGTTC,1,1,None,None
P104_CD3--TGCCAAATCAGTGCAT,TRUE,TGCCAAATCAGTGCAT-1_1450,TRUE,None,IGL,IGLV3-19*01,None,IGLJ2*01,None,None,TRUE,CNSRDSSGNHVVF,TGTAACTCCCGGGACAGCAGTGGTAACCATGTGGTATTC,2.54,2.54,None,None
P104_CD3--GGGACCTTCCACGACG,TRUE,GGGACCTTCCACGACG-1_36072,TRUE,None,IGK,IGKV2-28*01,None,IGKJ1*01,None,None,TRUE,CMQALQTLSWTF,TGCATGCAAGCTCTACAAACTCTGTCGTGGACGTTC,1,1,None,None
P104_CD3--CATCCACTCAGGCCCA,TRUE,CATCCACTCAGGCCCA-1_19770,TRUE,None,IGH,IGHV5-51*01,IGHD4-23*01,IGHJ6*04,IGHM,None,TRUE,CARHGPSRPYYGGNPDDYYYMDVW,TGTGCGAGACATGGCCCATCGAGACCTTACTACGGTGGTAACCCTGATGACTACTACTACATGGACGTCTGG,2,2,None,None
P104_CD3--ATTATCCGTAATCGTC,TRUE,ATTATCCGTAATCGTC-1_377,TRUE,None,IGK,IGKV1-8*01,None,IGKJ2*01,IGKC,None,TRUE,CQQYYSYPHTF,TGTCAACAGTATTATAGTTACCCACACACTTTT,4,4,None,None
P104_CD3--AGGTCATCATGGGAAC,TRUE,AGGTCATCATGGGAAC-1_1142,TRUE,None,IGH,IGHV1-8*01,IGHD2-2*01,IGHJ4*02,IGHM,None,TRUE,CARGRGTNIVVVPAANDYW,TGTGCGAGAGGGAGAGGGACCAATATTGTAGTAGTACCAGCTGCTAATGACTACTGG,6,6,None,None
P104_CD3--AGGTCATCATGGGAAC,TRUE,AGGTCATCATGGGAAC-1_1544,TRUE,None,IGK,IGKV3-15*01,None,IGKJ1*01,None,None,TRUE,CQQYNNWWTF,TGTCAGCAGTATAATAACTGGTGGACGTTC,1.63,1.63,None,None
P104_CD3--TTGAACGAGCTAGGCA,TRUE,TTGAACGAGCTAGGCA-1_43357,TRUE,None,IGH,IGHV3-48*02,IGHD1-26*01,IGHJ3*02,None,None,TRUE,CSVAWELLPLGAFDIW,TGCTCTGTGGCGTGGGAGCTACTACCCCTTGGGGCCTTTGATATCTGG,1,1,None,None
P104_CD3--ACGGGCTAGCCATCGC,TRUE,ACGGGCTAGCCATCGC-1_115,TRUE,None,IGK,IGKV3-20*01,None,IGKJ2*01,IGKC,None,TRUE,CQQYGSSPYTF,TGTCAGCAGTATGGTAGCTCACCGTACACTTTT,3.55,3.55,None,None
P104_CD3--ACGTCAACACGAAGCA,TRUE,ACGTCAACACGAAGCA-1_352,TRUE,None,IGK,IGKV3-11*01,None,IGKJ1*01,IGKC,None,TRUE,CQQRSNWPRTF,TGTCAGCAGCGTAGCAACTGGCCTCGAACGTTC,7.94,7.94,None,None
P104_CD3--CTTAACTGTGCCTGTG,TRUE,CTTAACTGTGCCTGTG-1_63,TRUE,None,IGK,IGKV1-39*01,None,IGKJ1*01,IGKC,None,TRUE,CQQSYSTPPTF,TGTCAACAGAGTTACAGTACCCCTCCGACGTTC,18.79,18.79,None,None
P104_CD3--AGCTCCTTCACCGTAA,TRUE,AGCTCCTTCACCGTAA-1_1157,TRUE,None,IGH,IGHV4-34*01,IGHD3-10*01,IGHJ4*02,None,None,FALSE,CASFYYGSGSYRRVYFDYW,TGTGCGAGTTTTTACTATGGTTCAGGGAGTTACCGAAGGGTCTACTTTGACTACTGG,1.26,1.26,None,None
P104_CD3--AGCTCCTTCACCGTAA,TRUE,AGCTCCTTCACCGTAA-1_15055,TRUE,None,IGK,IGKV6-21*01,None,IGKJ2*01,IGKC,None,FALSE,CHQSSSLPYTF,TGTCATCAGAGTAGTAGTTTACCTTACACTTTT,4.7,4.7,None,None
P104_CD3--GCATGTAGTACAGACG,TRUE,GCATGTAGTACAGACG-1_1666,TRUE,None,IGH,IGHV1-69*01,IGHD4-17*01,IGHJ5*02,None,None,TRUE,CARDRGTTVTENWFDPW,TGTGCGAGGGATAGGGGGACTACGGTGACTGAAAACTGGTTCGACCCCTGG,5.02,5.02,None,None
P104_CD3--TACTTACTCGCATGAT,TRUE,TACTTACTCGCATGAT-1_1155,TRUE,None,IGH,IGHV4-34*01,IGHD2-21*01,IGHJ3*02,None,None,TRUE,CARSFDPWGGDCYSGAVAFDIW,TGTGCGAGAAGCTTTGACCCCTGGGGTGGTGATTGCTATAGTGGAGCAGTTGCTTTTGATATCTGG,1.23,1.23,None,None
P104_CD3--TCGGTAAGTGTGGCTC,TRUE,TCGGTAAGTGTGGCTC-1_2236,TRUE,None,IGK,IGKV3-15*01,None,IGKJ2*01,None,None,TRUE,CQQYNNWPPYTF,TGTCAGCAGTATAATAACTGGCCTCCGTACACTTTT,1,1,None,None
P104_CD3--TGGGAAGCAAGGACAC,TRUE,TGGGAAGCAAGGACAC-1_38416,TRUE,None,IGH,IGHV3-48*02,IGHD2-21*02,IGHJ4*02,None,None,TRUE,CARGPIDYW,TGTGCGAGAGGCCCCATTGACTACTGG,1,1,None,None
P104_CD3--TGGGAAGCAAGGACAC,TRUE,TGGGAAGCAAGGACAC-1_248,TRUE,None,IGK,IGKV1-39*01,None,IGKJ1*01,IGKC,None,TRUE,CQQSYSTPPTF,TGTCAACAGAGTTACAGTACCCCTCCGACGTTC,8.12,8.12,None,None
P104_CD3--ATGAGGGGTGTAATGA,TRUE,ATGAGGGGTGTAATGA-1_813,TRUE,None,IGL,IGLV2-14*01,None,IGLJ2*01,IGLC2,None,TRUE,CSSYTSSSPVVF,TGCAGCTCATATACAAGCAGCAGCCCTGTGGTATTC,12.19,12.19,None,None
P104_CD3--GGCAATTTCTGAGTGT,TRUE,GGCAATTTCTGAGTGT-1_54357,TRUE,None,IGH,IGHV3-23*01,IGHD7-27*01,IGHJ3*02,None,None,TRUE,CAKNWGPTNWGLTHDACEIW,TGTGCGAAAAATTGGGGACCCACTAACTGGGGATTAACCCATGATGCTTGTGAGATCTGG,1,1,None,None
P104_CD3--GGCAATTTCTGAGTGT,TRUE,GGCAATTTCTGAGTGT-1_1696,TRUE,None,IGK,IGKV1-27*01,None,IGKJ4*01,IGKC,None,TRUE,CQKYNSAPLTF,TGTCAAAAGTATAACAGTGCCCCGCTCACTTTC,16.82,16.82,None,None
P104_CD3--ACGAGCCCAATAGCGG,TRUE,ACGAGCCCAATAGCGG-1_30049,TRUE,None,IGK,IGKV1-39*01,None,IGKJ5*01,None,None,TRUE,CQQSYSTPITF,TGTCAACAGAGTTACAGTACCCCGATCACCTTC,3,3,None,None
P104_CD3--ACGGCCACAGGGCATA,TRUE,ACGGCCACAGGGCATA-1_1642,TRUE,None,IGK,IGKV2-28*01,None,IGKJ3*01,None,None,TRUE,CMQALQTPLFTF,TGCATGCAAGCTCTACAAACTCCCCTATTCACTTTC,4.53,4.53,None,None
P104_CD3--CCCAGTTGTGGTACAG,TRUE,CCCAGTTGTGGTACAG-1_1006,TRUE,None,IGH,IGHV4-34*01,IGHD4-11*01,IGHJ4*02,IGHM,None,TRUE,CARDHSNYDFDYW,TGTGCGAGAGATCACAGTAACTACGACTTTGACTACTGG,4.33,4.33,None,None
P104_CD3--CTCTGGTGTGTGAAAT,TRUE,CTCTGGTGTGTGAAAT-1_1122,TRUE,None,IGK,IGKV4-1*01,None,IGKJ3*01,None,None,TRUE,CQQYYSTPPTF,TGTCAGCAATATTATAGTACTCCCCCCACTTTC,1,1,None,None
P104_CD3--CAAGATCAGGTGCTAG,TRUE,CAAGATCAGGTGCTAG-1_2393,TRUE,None,IGL,IGLV1-44*01,None,IGLJ2*01,None,None,TRUE,CAAWDDSLNGPVVF,TGTGCAGCATGGGATGACAGCCTGAATGGTCCTGTGGTATTC,6.21,6.21,None,None
P104_CD3--GTGGGTCGTCCCGACA,TRUE,GTGGGTCGTCCCGACA-1_15700,TRUE,None,IGH,IGHV4-34*01,IGHD3-9*01,IGHJ4*02,None,None,TRUE,CARGCLGYDFFYFDYW,TGTGCGAGAGGCTGTTTGGGCTACGATTTCTTCTATTTTGACTACTGG,4.79,4.79,None,None
P104_CD3--GTGGGTCGTCCCGACA,TRUE,GTGGGTCGTCCCGACA-1_4200,TRUE,None,IGK,IGKV2-24*01,None,IGKJ5*01,IGKC,None,TRUE,CMQATQYPITF,TGCATGCAAGCTACACAATACCCGATCACCTTC,6,6,None,None
P104_CD3--ACGAGCCGTCAGGACA,TRUE,ACGAGCCGTCAGGACA-1_1037,TRUE,None,IGK,IGKV3-15*01,None,IGKJ1*01,IGKC,None,TRUE,CQQYNNWPSWTF,TGTCAGCAGTATAATAACTGGCCTTCCTGGACGTTC,9.17,9.17,None,None
P104_CD3--GATCGTATCGCATGGC,TRUE,GATCGTATCGCATGGC-1_281,TRUE,None,IGK,IGKV3-20*01,None,IGKJ2*01,None,None,TRUE,CQQYGSSLYTF,TGTCAGCAGTATGGTAGCTCACTGTACACTTTT,4.39,4.39,None,None
P104_CD3--GGACATTGTCAATGTC,TRUE,GGACATTGTCAATGTC-1_3961,TRUE,None,IGL,IGLV2-11*01,None,IGLJ1*01,IGLC1,None,TRUE,CCSYAGSYTYNYVF,TGCTGCTCATATGCAGGCAGCTACACCTATAATTATGTCTTC,6.45,6.45,None,None
P104_CD3--GTGAAGGTCACCATAG,TRUE,GTGAAGGTCACCATAG-1_3527,TRUE,None,IGH,IGHV4-59*01,IGHD1-26*01,IGHJ4*02,None,None,TRUE,CARFPGIVGAKAFGYYFDYW,TGTGCGAGATTCCCCGGTATAGTGGGAGCTAAGGCCTTTGGTTACTACTTTGACTACTGG,2.63,2.63,None,None
P104_CD3--GTGAAGGTCACCATAG,TRUE,GTGAAGGTCACCATAG-1_2005,TRUE,None,IGL,IGLV2-23*02,None,IGLJ2*01,None,None,TRUE,CCSYAGSSTFVVF,TGCTGCTCATATGCGGGTAGTAGCACTTTCGTGGTATTC,2.15,2.15,None,None
P104_CD3--TGTATTCGTTTGGGCC,TRUE,TGTATTCGTTTGGGCC-1_48577,TRUE,None,IGL,IGLV4-69*01,None,IGLJ3*02,None,None,TRUE,GQTWGTGIQVF,GGTCAGACCTGGGGCACTGGCATTCAAGTGTTC,1,1,None,None
P104_CD3--AAGACCTGTCATGCCG,TRUE,AAGACCTGTCATGCCG-1_16538,TRUE,None,IGH,IGHV4-34*13,IGHD6-19*01,IGHJ5*02,IGHM,None,TRUE,CARGGSPIAVAGSSPSGENWFDPW,TGTGCGAGAGGAGGGAGCCCTATAGCAGTGGCTGGTAGTTCTCCTTCGGGAGAAAACTGGTTCGACCCCTGG,2,2,None,None
P104_CD3--AAGACCTGTCATGCCG,TRUE,AAGACCTGTCATGCCG-1_234,TRUE,None,IGK,IGKV1-39*01,None,IGKJ1*01,IGKC,None,TRUE,CQQSYSTPWTF,TGTCAACAGAGTTACAGTACCCCGTGGACGTTC,15.27,15.27,None,None
P104_CD3--TCGAGGCAGGAGTCTG,TRUE,TCGAGGCAGGAGTCTG-1_1201,TRUE,None,IGL,IGLV3-19*01,None,IGLJ1*01,None,None,TRUE,CNSRDSSGNHYVF,TGTAACTCCCGGGACAGCAGTGGTAACCATTATGTCTTC,3.77,3.77,None,None
P104_CD3--CATGCCTTCTGAAAGA,TRUE,CATGCCTTCTGAAAGA-1_3220,TRUE,None,IGL,IGLV6-57*02,None,IGLJ2*01,None,None,TRUE,CQSYDSSNPVVF,TGTCAGTCTTATGATAGCAGCAATCCTGTGGTATTC,4.33,4.33,None,None
P104_CD3--CACAGGCAGTACTTGC,TRUE,CACAGGCAGTACTTGC-1_775,TRUE,None,IGL,IGLV2-14*01,None,IGLJ3*02,IGLC2,None,TRUE,CSSYTSSRVF,TGCAGCTCATATACAAGCAGCAGAGTGTTC,7.07,7.07,None,None
P104_CD3--AGCTCTCAGACGACGT,TRUE,AGCTCTCAGACGACGT-1_51017,TRUE,None,IGH,IGHV1-3*01,IGHD3-16*01,IGHJ4*02,None,None,TRUE,CAREYYDYIWGTNTLDYW,TGTGCGAGAGAGTATTATGATTACATTTGGGGTACGAATACCCTTGACTACTGG,4,4,None,None
P104_CD3--AGCTCTCAGACGACGT,TRUE,AGCTCTCAGACGACGT-1_2306,TRUE,None,IGL,IGLV2-8*01,None,IGLJ2*01,IGLC2,None,TRUE,CSSYAGSNILDVVF,TGCAGCTCATATGCAGGCAGCAACATCCTCGATGTGGTATTC,12.29,12.29,None,None
P104_CD3--CGGACGTGTTCGAATC,TRUE,CGGACGTGTTCGAATC-1_2982,TRUE,None,IGH,IGHV1-8*01,IGHD3-3*01,IGHJ6*02,IGHD,None,TRUE,CARGRLHYYDFWSGYIIPHPLYGMDVW,TGTGCGAGAGGCCGATTGCACTATTACGATTTTTGGAGTGGTTATATTATCCCCCACCCCCTCTACGGTATGGACGTCTGG,4.35,4.35,None,None
P104_CD3--CGGACGTGTTCGAATC,TRUE,CGGACGTGTTCGAATC-1_4198,TRUE,None,IGK,IGKV2-24*01,None,IGKJ3*01,IGKC,None,TRUE,CMQATQFPFTF,TGCATGCAAGCTACACAATTTCCCTTCACTTTC,3.97,3.97,None,None
P104_CD3--CCCAGTTGTCTAGCCG,TRUE,CCCAGTTGTCTAGCCG-1_3734,TRUE,None,IGH,IGHV2-5*02,IGHD3-22*01,IGHJ4*02,None,None,FALSE,CAHRRDSSGYYFPFDYW,TGTGCACACAGACGGGATAGTAGTGGTTATTACTTCCCCTTTGACTACTGG,2.35,2.35,None,None
P104_CD3--CCCAGTTGTCTAGCCG,TRUE,CCCAGTTGTCTAGCCG-1_10713,TRUE,None,IGK,IGKV1-5*01,None,IGKJ1*01,IGKC,None,FALSE,CQQYNSYWTF,TGCCAACAGTATAATAGTTATTGGACGTTC,10.3,10.3,None,None
P104_CD3--TTCGGTCGTGTGACCC,TRUE,TTCGGTCGTGTGACCC-1_52495,TRUE,None,IGK,IGKV1-39*01,None,IGKJ2*02,None,None,TRUE,CQQSHSTPPTF,TGTCAACAGAGTCACAGCACCCCTCCCACTTTT,1,1,None,None
P104_CD3--CCTTACGTCAGTGCAT,TRUE,CCTTACGTCAGTGCAT-1_4114,TRUE,None,IGL,IGLV2-11*01,None,IGLJ2*01,IGLC2,None,TRUE,CCSYAGSYTSLF,TGCTGCTCATATGCAGGCAGCTACACTTCCCTATTC,6.31,6.31,None,None
P104_CD3--GCTGCTTGTCGCCATG,TRUE,GCTGCTTGTCGCCATG-1_3283,TRUE,None,IGH,IGHV5-51*01,IGHD3-22*01,IGHJ4*02,IGHM,None,TRUE,CARPSSGYYGDYFDYW,TGTGCGAGACCGAGTAGTGGTTATTACGGGGACTACTTTGACTACTGG,5.77,5.77,None,None
P104_CD3--GCTGCTTGTCGCCATG,TRUE,GCTGCTTGTCGCCATG-1_1675,TRUE,None,IGK,IGKV1-33*01,None,IGKJ3*01,IGKC,None,TRUE,CQQYDNLLFTF,TGTCAACAGTATGATAATCTCCTATTCACTTTC,12.45,12.45,None,None
P104_CD3--TTTGCGCTCCAGGGCT,TRUE,TTTGCGCTCCAGGGCT-1_170,TRUE,None,IGK,IGKV1-39*01,None,IGKJ3*01,IGKC,None,TRUE,CQQSYSTPFTF,TGTCAACAGAGTTACAGTACCCCATTCACTTTC,9.67,9.67,None,None
P104_CD3--ATCATCTGTAGCGTGA,TRUE,ATCATCTGTAGCGTGA-1_19498,TRUE,None,IGH,IGHV3-23*01,IGHD1-26*01,IGHJ5*01,None,None,TRUE,CAKSARGGSYYQFDYW,TGTGCGAAAAGTGCTCGAGGAGGGAGCTACTACCAGTTCGACTACTGG,2,2,None,None
P104_CD3--ATCATCTGTAGCGTGA,TRUE,ATCATCTGTAGCGTGA-1_1080,TRUE,None,IGK,IGKV1-5*03,None,IGKJ2*01,IGKC,None,TRUE,CQQYNSYSYTF,TGCCAACAGTATAATAGTTATTCGTACACTTTT,7.85,7.85,None,None
P104_CD3--CCTAGCTTCATCGATG,TRUE,CCTAGCTTCATCGATG-1_626,TRUE,None,IGH,IGHV4-34*01,IGHD2-2*01,IGHJ6*02,None,None,TRUE,CARRTRRLLGYGMDVW,TGTGCGAGAAGAACGCGGCGGCTGCTAGGCTACGGTATGGACGTCTGG,2.46,2.46,None,None
P104_CD3--CCTAGCTTCATCGATG,TRUE,CCTAGCTTCATCGATG-1_5,TRUE,None,IGK,IGKV4-1*01,None,IGKJ2*02,None,None,TRUE,CQQYYSTPPTF,TGTCAGCAATATTATAGTACTCCCCCCACTTTT,13.42,13.42,None,None
P104_CD3--TGCTACCTCTTGTTTG,TRUE,TGCTACCTCTTGTTTG-1_267,TRUE,None,IGK,IGKV1-39*01,None,IGKJ2*01,IGKC,None,TRUE,CQQSYSTPYTF,TGTCAACAGAGTTACAGTACCCCGTACACTTTT,3.45,3.45,None,None
P104_CD3--CTGATAGAGTGTACTC,TRUE,CTGATAGAGTGTACTC-1_83,TRUE,None,IGK,IGKV3-20*01,None,IGKJ1*01,IGKC,None,TRUE,CQQYGSSPGTF,TGTCAGCAGTATGGTAGCTCTCCCGGGACGTTC,4.18,4.18,None,None
P104_CD3--CTAATGGTCAACACCA,TRUE,CTAATGGTCAACACCA-1_1832,TRUE,None,IGL,IGLV3-1*01,None,IGLJ2*01,IGLC2,None,TRUE,CQAWDSSTVVF,TGTCAGGCGTGGGACAGCAGCACTGTGGTATTC,5.12,5.12,None,None
P104_CD3--ACGCCAGTCTGCTGCT,TRUE,ACGCCAGTCTGCTGCT-1_269,TRUE,None,IGK,IGKV3-20*01,None,IGKJ4*01,IGKC,None,TRUE,CQQYGSSPPTF,TGTCAGCAGTATGGTAGCTCACCCCCCACTTTC,9.79,9.79,None,None
P104_CD3--AGGTCCGAGCAACGGT,TRUE,AGGTCCGAGCAACGGT-1_12571,TRUE,None,IGK,IGKV1-12*01,None,IGKJ4*01,IGKC,None,FALSE,CQQANSFPLTF,TGTCAACAGGCTAACAGTTTCCCGCTCACTTTC,5.97,5.97,None,None
P104_CD3--ATCACGACATGTCGAT,TRUE,ATCACGACATGTCGAT-1_1805,TRUE,None,IGK,IGKV1-12*01,None,IGKJ1*01,IGKC,None,TRUE,CQQANSFPRTF,TGTCAACAGGCTAACAGTTTCCCTCGGACGTTC,6.85,6.85,None,None
P104_CD3--CTCGTACAGAGGTACC,TRUE,CTCGTACAGAGGTACC-1_18220,TRUE,None,IGL,IGLV3-25*03,None,IGLJ3*02,IGLC2,None,FALSE,CQSADSSGTSWVF,TGTCAATCAGCAGACAGCAGTGGTACTTCTTGGGTGTTC,9.28,9.28,None,None
P104_CD3--CGCCAAGTCTTGAGAC,TRUE,CGCCAAGTCTTGAGAC-1_3089,TRUE,None,IGL,IGLV3-25*03,None,IGLJ2*01,IGLC2,None,TRUE,CQSADSSGTYVVF,TGTCAATCAGCAGACAGCAGTGGTACTTATGTGGTATTC,2,2,None,None
P104_CD3--GGAACTTGTTCGTCTC,TRUE,GGAACTTGTTCGTCTC-1_53739,TRUE,None,IGH,IGHV4-34*13,IGHD3-16*01,IGHJ2*01,IGHM,None,TRUE,CARASGGAPPDLW,TGTGCGAGGGCCTCGGGGGGAGCCCCCCCCGATCTCTGG,1,1,None,None
P104_CD3--GGAACTTGTTCGTCTC,TRUE,GGAACTTGTTCGTCTC-1_1056,TRUE,None,IGK,IGKV1-5*03,None,IGKJ1*01,None,None,TRUE,CQQYNSYTWTF,TGCCAACAGTATAATAGTTATACGTGGACGTTC,5.91,5.91,None,None
P104_CD3--CTGTTTATCAAAGTAG,TRUE,CTGTTTATCAAAGTAG-1_1955,TRUE,None,IGK,IGKV1-8*01,None,IGKJ4*01,None,None,TRUE,CQQYYSHPLTF,TGTCAACAGTATTATAGCCACCCGCTCACTTTC,7.61,7.61,None,None
P104_CD3--CAGGTGCTCTTGTATC,TRUE,CAGGTGCTCTTGTATC-1_2548,TRUE,None,IGH,IGHV1-46*01,IGHD2-15*01,IGHJ4*02,None,None,TRUE,CARVDGGGSATSYFDYW,TGTGCGAGAGTGGACGGTGGTGGTAGCGCAACAAGCTACTTTGACTACTGG,1.61,1.61,None,None
P104_CD3--CAGGTGCTCTTGTATC,TRUE,CAGGTGCTCTTGTATC-1_40,TRUE,None,IGK,IGKV3-11*01,None,IGKJ1*01,IGKC,None,TRUE,CQQRSNWPPTF,TGTCAGCAGCGTAGCAACTGGCCTCCTACGTTC,126.21,126.21,None,None
P104_CD3--TACGGGCAGGCGTACA,TRUE,TACGGGCAGGCGTACA-1_12068,TRUE,None,IGK,IGKV1-39*01,None,IGKJ4*01,IGKC,None,FALSE,CQQSYSTFTF,TGTCAACAGAGTTACAGTACCTTCACTTTC,10.93,10.93,None,None
P104_CD3--AGACGTTGTCGCATCG,TRUE,AGACGTTGTCGCATCG-1_19,TRUE,None,IGK,IGKV4-1*01,None,IGKJ3*01,IGKC,None,FALSE,CQQYYSTPFTF,TGTCAGCAATATTATAGTACTCCATTCACTTTC,3.48,3.48,None,None
P104_CD3--TGGGAAGAGTACGCGA,TRUE,TGGGAAGAGTACGCGA-1_359,TRUE,None,IGK,IGKV3-11*01,None,IGKJ4*01,IGKC,None,TRUE,CQQRSNWPLALTF,TGTCAGCAGCGTAGCAACTGGCCTCTTGCGCTCACTTTC,4.23,4.23,None,None
P104_CD3--GACTGCGTCAGTGCAT,TRUE,GACTGCGTCAGTGCAT-1_54261,TRUE,None,IGL,IGLV2-18*02,None,IGLJ1*01,None,None,TRUE,CTSYTISNPPYVF,TGCACCTCATATACCATTTCCAACCCTCCTTATGTCTTC,1,1,None,None
P104_CD3--GCGAGAAAGAGTTGGC,TRUE,GCGAGAAAGAGTTGGC-1_1658,TRUE,None,IGH,IGHV1-69*06,IGHD2-8*01,IGHJ3*02,None,None,TRUE,CARGAPLEYDAFDIW,TGTGCGAGAGGGGCCCCTTTGGAGTATGATGCTTTTGATATCTGG,3.8,3.8,None,None
P104_CD3--GCGAGAAAGAGTTGGC,TRUE,GCGAGAAAGAGTTGGC-1_2370,TRUE,None,IGL,IGLV2-8*01,None,IGLJ2*01,None,None,TRUE,CSSYAGSNNLGVVF,TGCAGCTCATATGCAGGCAGCAACAATTTGGGGGTGGTATTC,6.86,6.86,None,None
P104_CD3--AAACGGGTCATGGTCA,TRUE,AAACGGGTCATGGTCA-1_2539,TRUE,None,IGL,IGLV1-44*01,None,IGLJ3*02,IGLC3,None,TRUE,CAAWDDSLNGPGVF,TGTGCAGCATGGGATGACAGCCTGAATGGTCCGGGGGTGTTC,1.95,1.95,None,None
P104_CD3--CGATGGCAGATCACGG,TRUE,CGATGGCAGATCACGG-1_3038,TRUE,None,IGK,IGKV2-30*01,None,IGKJ2*01,IGKC,None,TRUE,CMQGTHRYTF,TGCATGCAAGGTACACACCGTTACACTTTT,4.27,4.27,None,None
P104_CD3--ACAGCCGCAAAGTCAA,TRUE,ACAGCCGCAAAGTCAA-1_268,TRUE,None,IGK,IGKV3-20*01,None,IGKJ5*01,IGKC,None,TRUE,CQQYGSSPSITF,TGTCAGCAGTATGGTAGCTCACCTTCGATCACCTTC,12.94,12.94,None,None
P104_CD3--AGAATAGCATTGGGCC,TRUE,AGAATAGCATTGGGCC-1_1911,TRUE,None,IGL,IGLV1-47*01,None,IGLJ2*01,IGLC2,None,FALSE,CAAWDDSLSGVVF,TGTGCAGCATGGGATGACAGCCTGAGTGGCGTGGTATTC,4.38,4.38,None,None
P104_CD3--ACTGAACGTTACAGAA,TRUE,ACTGAACGTTACAGAA-1_9240,TRUE,None,IGH,IGHV3-33*01,IGHD6-13*01,IGHJ4*02,IGHM,None,TRUE,CAREDMGYSSSWPFDYW,TGTGCGAGAGAGGATATGGGCTATAGCAGCAGCTGGCCCTTTGACTACTGG,7.16,7.16,None,None
P104_CD3--AACTCTTGTCCTCCAT,TRUE,AACTCTTGTCCTCCAT-1_3356,TRUE,None,IGH,IGHV1-46*01,IGHD6-13*01,IGHJ4*02,IGHM,None,TRUE,CARDSSMDWAVSSWYRTLGYW,TGTGCGAGAGATAGTAGTATGGACTGGGCCGTCAGCAGCTGGTACAGGACTTTGGGTTACTGG,2.83,2.83,None,None
P104_CD3--CTCGTACAGGAGCGAG,TRUE,CTCGTACAGGAGCGAG-1_263,TRUE,None,IGK,IGKV1-39*01,None,IGKJ1*01,IGKC,None,TRUE,CQQSYSTPVTF,TGTCAACAGAGTTACAGTACCCCCGTGACGTTC,8.45,8.45,None,None
P104_CD3--AATCCAGGTACCGTTA,TRUE,AATCCAGGTACCGTTA-1_808,TRUE,None,IGH,IGHV4-34*01,IGHD6-6*01,IGHJ4*02,IGHD,None,TRUE,CASLSSSSVDYW,TGTGCGAGCCTCAGCAGCTCCTCTGTTGACTACTGG,3.78,3.78,None,None
P104_CD3--AATCCAGGTACCGTTA,TRUE,AATCCAGGTACCGTTA-1_2369,TRUE,None,IGL,IGLV2-8*01,None,IGLJ3*02,None,None,TRUE,CSSYAGSNNFSRVF,TGCAGCTCATATGCAGGCAGCAACAATTTTTCCCGGGTGTTC,2,2,None,None
P104_CD3--GGAAAGCTCCATGCTC,TRUE,GGAAAGCTCCATGCTC-1_41804,TRUE,None,IGH,IGHV1-2*02,IGHD4-17*01,IGHJ4*02,IGHM,None,TRUE,CARATGTYYFDYW,TGTGCGAGAGCAACTGGGACGTACTACTTTGACTACTGG,2,2,None,None
P104_CD3--GTTCTCGGTTCCACGG,TRUE,GTTCTCGGTTCCACGG-1_260,TRUE,None,IGK,IGKV1-39*01,None,IGKJ5*01,IGKC,None,FALSE,CQQSYSTPRVTF,TGTCAACAGAGTTACAGTACCCCTCGGGTCACCTTC,7.44,7.44,None,None
P104_CD3--TTCTACAAGCGCCTTG,TRUE,TTCTACAAGCGCCTTG-1_1865,TRUE,None,IGK,IGKV1-16*02,None,IGKJ4*01,None,None,TRUE,CQQYNSYELTF,TGCCAACAGTATAATAGTTACGAGCTCACTTTC,3,3,None,None
P104_CD3--AGTAGTCCAATACGCT,TRUE,AGTAGTCCAATACGCT-1_18196,TRUE,None,IGH,IGHV3-23*01,IGHD3-10*01,IGHJ3*02,IGHM,None,TRUE,CAKGTVRGGGAFDIW,TGTGCGAAAGGGACGGTTCGGGGAGGGGGTGCTTTTGATATCTGG,2,2,None,None
P104_CD3--AGTAGTCCAATACGCT,TRUE,AGTAGTCCAATACGCT-1_1953,TRUE,None,IGK,IGKV1-8*01,None,IGKJ2*01,IGKC,None,TRUE,CQQYYSYPHTF,TGTCAACAGTATTATAGTTACCCTCACACTTTT,7.73,7.73,None,None
P104_CD3--TGCGTGGAGGTGCTTT,TRUE,TGCGTGGAGGTGCTTT-1_32,TRUE,None,IGK,IGKV3-20*01,None,IGKJ1*01,IGKC,None,TRUE,CQQYGSSPSWTF,TGTCAGCAGTATGGTAGCTCACCTTCGTGGACGTTC,31.36,31.36,None,None
P104_CD3--AGACGTTAGTGATCGG,TRUE,AGACGTTAGTGATCGG-1_12084,TRUE,None,IGK,IGKV3-11*01,None,IGKJ5*01,IGKC,None,FALSE,CQQRSNWPAF,TGTCAGCAGCGTAGCAACTGGCCGGCCTTC,11,11,None,None
P104_CD3--CCCAGTTCATGGTCTA,TRUE,CCCAGTTCATGGTCTA-1_11378,TRUE,None,IGH,IGHV4-4*06,IGHD6-6*01,IGHJ4*02,IGHM,None,TRUE,CARGPYSSSSLDYW,TGTGCGAGAGGCCCCTATAGCAGCTCGTCCCTTGACTACTGG,12.14,12.14,None,None
P104_CD3--CCCAGTTCATGGTCTA,TRUE,CCCAGTTCATGGTCTA-1_251,TRUE,None,IGK,IGKV1-39*01,None,IGKJ1*01,IGKC,None,TRUE,CQQSYSTPRTF,TGTCAACAGAGTTACAGTACCCCTCGGACGTTC,5.85,5.85,None,None
P104_CD3--CCTTACGTCAGCCTAA,TRUE,CCTTACGTCAGCCTAA-1_1842,TRUE,None,IGL,IGLV1-40*01,None,IGLJ1*01,None,None,TRUE,CQSYDSSLSGSRVF,TGCCAGTCCTATGACAGCAGCCTGAGTGGTTCGAGAGTCTTC,1,1,None,None
P104_CD3--CAGAGAGTCAGCTCTC,TRUE,CAGAGAGTCAGCTCTC-1_1031,TRUE,None,IGK,IGKV3-15*01,None,IGKJ4*01,None,None,TRUE,CQQYNNWPPLTF,TGTCAGCAGTATAATAACTGGCCTCCCCTCACTTTC,10,10,None,None
P104_CD3--GATGAAACATGCAACT,TRUE,GATGAAACATGCAACT-1_1406,TRUE,None,IGH,IGHV4-34*01,IGHD6-13*01,IGHJ4*02,None,None,TRUE,CARAGGIAAAGVGYW,TGTGCGAGAGCCGGGGGTATAGCAGCAGCTGGCGTTGGCTACTGG,1,1,None,None
P104_CD3--GATGAAACATGCAACT,TRUE,GATGAAACATGCAACT-1_274,TRUE,None,IGK,IGKV3-20*01,None,IGKJ1*01,IGKC,None,TRUE,CQQYGSSPRTF,TGTCAGCAGTATGGTAGCTCACCTCGGACGTTC,4.91,4.91,None,None
P104_CD3--GGATGTTGTAAGTGTA,TRUE,GGATGTTGTAAGTGTA-1_12073,TRUE,None,IGK,IGKV4-1*01,None,IGKJ5*01,IGKC,None,TRUE,CQQYYYTPITF,TGTCAGCAATATTATTATACTCCGATCACCTTC,2,2,None,None
P104_CD3--TTAACTCCAAGCTGAG,TRUE,TTAACTCCAAGCTGAG-1_21322,TRUE,None,IGK,IGKV2-28*01,None,IGKJ1*01,IGKC,None,TRUE,CMQALQTPWTF,TGCATGCAAGCTCTACAAACTCCCTGGACGTTC,1,1,None,None
P104_CD3--AAGCCGCCATAAAGGT,TRUE,AAGCCGCCATAAAGGT-1_367,TRUE,None,IGK,IGKV3-20*01,None,IGKJ3*01,None,None,TRUE,CQQYGSSPPVTF,TGTCAGCAGTATGGTAGCTCACCTCCGGTCACTTTC,2.56,2.56,None,None
P104_CD3--CCGTGGAGTATAGGTA,TRUE,CCGTGGAGTATAGGTA-1_2672,TRUE,None,IGL,IGLV3-25*03,None,IGLJ2*01,None,None,FALSE,CQSADSSGTYVVF,TGTCAATCAGCAGACAGCAGTGGTACTTATGTGGTATTC,1.13,1.13,None,None
P104_CD3--AAGTCTGTCAGCGACC,TRUE,AAGTCTGTCAGCGACC-1_348,TRUE,None,IGK,IGKV3-11*01,None,IGKJ4*01,IGKC,None,TRUE,CQQRSNWPTF,TGTCAGCAGCGTAGCAACTGGCCCACTTTC,8.77,8.77,None,None
P104_CD3--ACTGATGTCTGAGGGA,TRUE,ACTGATGTCTGAGGGA-1_9017,TRUE,None,IGL,IGLV3-25*01,None,IGLJ2*01,None,None,TRUE,CQSADSSGTYVVF,TGTCAATCAGCAGACAGCAGTGGTACTTATGTGGTATTC,1,1,None,None
P104_CD3--GCTTGAAAGAAACGCC,TRUE,GCTTGAAAGAAACGCC-1_20709,TRUE,None,IGH,IGHV3-23*01,IGHD3-9*01,IGHJ4*02,IGHM,None,TRUE,CAKVRYDILTGYYSQESGLRPPSYFDYW,TGTGCGAAAGTCCGTTACGATATTTTGACTGGTTATTATAGCCAGGAGAGTGGGCTACGACCTCCTAGCTACTTTGACTACTGG,2.75,2.75,None,None
P104_CD3--GCTTGAAAGAAACGCC,TRUE,GCTTGAAAGAAACGCC-1_3,TRUE,None,IGK,IGKV4-1*01,None,IGKJ2*02,IGKC,None,TRUE,CQQYYSTPLTF,TGTCAGCAATATTATAGTACTCCTCTCACTTTT,2.45,2.45,None,None
P104_CD3--CGTTCTGGTGCCTTGG,TRUE,CGTTCTGGTGCCTTGG-1_6,TRUE,None,IGK,IGKV4-1*01,None,IGKJ1*01,None,None,FALSE,CQQYYSTPTF,TGTCAGCAATATTATAGTACTCCGACGTTC,1.67,1.67,None,None
P104_CD3--GGACAAGAGAAACGCC,TRUE,GGACAAGAGAAACGCC-1_1090,TRUE,None,IGH,IGHV4-61*07,IGHD7-27*01,IGHJ3*02,IGHM,None,TRUE,CARGTGERDAFDIW,TGTGCGAGAGGAACTGGGGAGAGAGATGCTTTTGATATCTGG,3,3,None,None
P104_CD3--GGACAAGAGAAACGCC,TRUE,GGACAAGAGAAACGCC-1_1830,TRUE,None,IGL,IGLV3-1*01,None,IGLJ2*01,IGLC2,None,TRUE,CQAWDSSTAVF,TGTCAGGCGTGGGACAGCAGCACTGCGGTATTC,9.12,9.12,None,None
P104_CD3--AGTCTTTTCTTGTATC,TRUE,AGTCTTTTCTTGTATC-1_315,TRUE,None,IGK,IGKV3-11*01,None,IGKJ1*01,IGKC,None,TRUE,CQQRSNWPPTF,TGTCAGCAGCGTAGCAACTGGCCTCCTACGTTC,10.88,10.88,None,None
P104_CD3--CCTAAAGAGGAGCGAG,TRUE,CCTAAAGAGGAGCGAG-1_11,TRUE,None,IGK,IGKV4-1*01,None,IGKJ2*01,IGKC,None,TRUE,CQQYYSTPPYTF,TGTCAGCAATATTATAGTACTCCTCCGTACACTTTT,6.81,6.81,None,None
P104_CD3--ATAGACCGTCGCGTGT,TRUE,ATAGACCGTCGCGTGT-1_156,TRUE,None,IGK,IGKV1-8*01,None,IGKJ1*01,IGKC,None,TRUE,CQQYYSYPRTF,TGTCAACAGTATTATAGTTACCCTCGGACGTTC,5,5,None,None
P104_CD3--TAGGCATGTGAGTGAC,TRUE,TAGGCATGTGAGTGAC-1_19520,TRUE,None,IGH,IGHV3-15*01,IGHD3-10*01,IGHJ4*02,None,None,TRUE,CTTDDSITMVQGYYFDYW,TGTACCACAGATGACAGTATTACTATGGTTCAGGGGTACTACTTTGACTACTGG,4,4,None,None
P104_CD3--TAGGCATGTGAGTGAC,TRUE,TAGGCATGTGAGTGAC-1_1603,TRUE,None,IGL,IGLV2-14*01,None,IGLJ3*02,IGLC2,None,TRUE,CSSYTSSSTPLVF,TGCAGCTCATATACAAGCAGCAGCACCCCTTTGGTGTTC,6,6,None,None
P104_CD3--GACGGCTCAATTCCTT,TRUE,GACGGCTCAATTCCTT-1_11011,TRUE,None,IGK,IGKV4-1*01,None,IGKJ2*02,None,None,FALSE,CQQYYSTPLTF,TGTCAGCAATATTATAGTACTCCTCTCACTTTT,2.58,2.58,None,None
P104_CD3--AAAGCAAAGGATGGTC,TRUE,AAAGCAAAGGATGGTC-1_278,TRUE,None,IGK,IGKV3-20*01,None,IGKJ1*01,IGKC,None,TRUE,CQQYGSSQTF,TGTCAGCAGTATGGTAGCTCACAGACGTTC,8.27,8.27,None,None
P104_CD3--ACTGAACAGTCGAGTG,TRUE,ACTGAACAGTCGAGTG-1_16489,TRUE,None,IGK,IGKV2-28*01,None,IGKJ2*01,IGKC,None,TRUE,CMQALQTLYTF,TGCATGCAAGCTCTACAAACTCTGTACACTTTT,2,2,None,None
P104_CD3--ATCATCTTCTCGTTTA,TRUE,ATCATCTTCTCGTTTA-1_99,TRUE,None,IGK,IGKV2-28*01,None,IGKJ2*01,IGKC,None,FALSE,CMQALQTPRYTF,TGCATGCAAGCTCTACAAACTCCTCGGTACACTTTT,6,6,None,None
P104_CD3--CAGCAGCTCTAACCGA,TRUE,CAGCAGCTCTAACCGA-1_64,TRUE,None,IGK,IGKV2-30*01,None,IGKJ2*02,IGKC,None,TRUE,CMQGTHWPPTF,TGCATGCAAGGTACACACTGGCCTCCGACTTTT,3,3,None,None
P104_CD3--GGATTACGTAGCAAAT,TRUE,GGATTACGTAGCAAAT-1_2091,TRUE,None,IGK,IGKV2-28*01,None,IGKJ1*01,None,None,TRUE,CMQALQTPAF,TGCATGCAAGCTCTACAAACTCCGGCGTTC,1,1,None,None
P104_CD3--CAGTAACTCCTGTAGA,TRUE,CAGTAACTCCTGTAGA-1_88,TRUE,None,IGK,IGKV1-17*01,None,IGKJ1*01,IGKC,None,TRUE,CLQHNSYPRTF,TGTCTACAGCATAATAGTTACCCTCGCACGTTC,4,4,None,None
P104_CD3--TCTCTAATCGAGAGCA,TRUE,TCTCTAATCGAGAGCA-1_38,TRUE,None,IGK,IGKV1-39*01,None,IGKJ1*01,IGKC,None,TRUE,CQQSYSTSWTF,TGTCAACAGAGTTACAGTACCTCGTGGACGTTC,7.06,7.06,None,None
P104_CD3--GCGCAACCAAGGTTTC,TRUE,GCGCAACCAAGGTTTC-1_39,TRUE,None,IGK,IGKV3-20*01,None,IGKJ1*01,IGKC,None,FALSE,CQQYGSSPQRTF,TGTCAGCAGTATGGTAGCTCACCTCAACGGACGTTC,9.64,9.64,None,None
P104_CD3--AAGACCTGTCTCTTAT,TRUE,AAGACCTGTCTCTTAT-1_9750,TRUE,None,IGL,IGLV6-57*01,None,IGLJ2*01,None,None,TRUE,CQSYDSSNPVVF,TGTCAGTCTTATGATAGCAGCAATCCTGTGGTATTC,1,1,None,None
P104_CD3--CGGGTCATCAAGAAGT,TRUE,CGGGTCATCAAGAAGT-1_3830,TRUE,None,IGH,IGHV2-5*02,IGHD2-15*01,IGHJ5*02,None,None,FALSE,CAHKGVVVAATGHNWFDPW,TGTGCACACAAGGGAGTGGTGGTAGCTGCTACTGGGCACAACTGGTTCGACCCCTGG,1,1,None,None
P104_CD3--CGGGTCATCAAGAAGT,TRUE,CGGGTCATCAAGAAGT-1_354,TRUE,None,IGK,IGKV3-11*01,None,IGKJ2*01,IGKC,None,FALSE,CQQRSNWYTF,TGTCAGCAGCGTAGCAACTGGTACACTTTT,10,10,None,None
P104_CD3--GCATACAAGAACTCGG,TRUE,GCATACAAGAACTCGG-1_1999,TRUE,None,IGL,IGLV2-23*02,None,IGLJ2*01,None,None,TRUE,CCSYAGSSTLVF,TGCTGCTCATATGCAGGTAGTAGCACTTTGGTATTC,10.11,10.11,None,None
P104_CD3--CCTATTACACATGACT,TRUE,CCTATTACACATGACT-1_157,TRUE,None,IGK,IGKV2-30*01,None,IGKJ1*01,IGKC,None,TRUE,CMQGTHWPPTF,TGCATGCAAGGTACACACTGGCCTCCAACGTTC,8,8,None,None
P104_CD3--TCACGAAAGGGTATCG,TRUE,TCACGAAAGGGTATCG-1_2467,TRUE,None,IGH,IGHV3-21*01,IGHD3-9*01,IGHJ4*02,None,None,TRUE,CARVYGGSHRYFDYW,TGTGCGAGAGTTTATGGTGGCTCCCATAGATACTTTGACTACTGG,2,2,None,None
P104_CD3--TCACGAAAGGGTATCG,TRUE,TCACGAAAGGGTATCG-1_1039,TRUE,None,IGK,IGKV3-15*01,None,IGKJ2*01,IGKC,None,TRUE,CQQYNNWPPYTF,TGTCAGCAGTATAATAACTGGCCTCCGTACACTTTT,2,2,None,None
P104_CD3--AGGGTGATCAGCAACT,TRUE,AGGGTGATCAGCAACT-1_1556,TRUE,None,IGK,IGKV2-28*01,None,IGKJ4*01,IGKC,None,TRUE,CMQALQTPLTF,TGCATGCAAGCTCTACAAACTCCGCTCACTTTC,7.97,7.97,None,None
P104_CD3--GTTTCTACACCCATGG,TRUE,GTTTCTACACCCATGG-1_291,TRUE,None,IGK,IGKV3-20*01,None,IGKJ4*01,None,None,TRUE,CQQYGSSPGLTF,TGTCAGCAGTATGGTAGCTCACCGGGGCTCACTTTC,10.25,10.25,None,None
P104_CD3--TGGCTGGCAGGACCCT,TRUE,TGGCTGGCAGGACCCT-1_30388,TRUE,None,IGH,IGHV3-48*02,IGHD5-12*01,IGHJ4*02,IGHM,None,TRUE,CARDYSGYGKDYW,TGTGCGAGAGATTATAGTGGCTACGGGAAGGACTACTGG,1,1,None,None
P104_CD3--TGGCTGGCAGGACCCT,TRUE,TGGCTGGCAGGACCCT-1_1079,TRUE,None,IGK,IGKV1-5*03,None,IGKJ1*01,None,None,TRUE,CQQYNSYSKTF,TGCCAACAGTATAATAGTTATTCTAAGACGTTC,3.15,3.15,None,None
P104_CD3--TTGGCAACACGAAAGC,TRUE,TTGGCAACACGAAAGC-1_3193,TRUE,None,IGH,IGHV4-39*01,IGHD1-14*01,IGHJ4*02,None,None,TRUE,CARHLQPRYNWNHRGYYFDYW,TGTGCGAGACACCTCCAGCCGAGGTATAACTGGAACCATAGGGGCTACTACTTTGACTACTGG,4.06,4.06,None,None
P104_CD3--TTGGCAACACGAAAGC,TRUE,TTGGCAACACGAAAGC-1_2307,TRUE,None,IGL,IGLV2-8*01,None,IGLJ3*02,IGLC3,None,TRUE,CSSYAGSNNWVF,TGCAGCTCATATGCAGGCAGCAACAATTGGGTGTTC,8.31,8.31,None,None
P104_CD3--GACGCGTGTGCGGTAA,TRUE,GACGCGTGTGCGGTAA-1_2876,TRUE,None,IGH,IGHV4-59*08,IGHD5-18*01,IGHJ4*02,IGHM,None,TRUE,CARHPLYVDTAMAIDYW,TGTGCGAGACATCCATTATACGTGGATACAGCTATGGCCATTGACTACTGG,6.86,6.86,None,None
P104_CD3--GACGCGTGTGCGGTAA,TRUE,GACGCGTGTGCGGTAA-1_239,TRUE,None,IGK,IGKV1-39*01,None,IGKJ1*01,IGKC,None,TRUE,CQQSYSTRWTF,TGTCAACAGAGTTACAGTACCCGGTGGACGTTC,17.06,17.06,None,None
P104_CD3--TCATTTGTCTGCAGTA,TRUE,TCATTTGTCTGCAGTA-1_8613,TRUE,None,IGK,IGKV1-33*01,None,IGKJ2*01,IGKC,None,TRUE,CQQFDEVPYTF,TGTCAACAGTTTGATGAGGTCCCCTACACTTTT,2,2,None,None
P104_CD3--ATCTGCCGTAACGTTC,TRUE,ATCTGCCGTAACGTTC-1_37,TRUE,None,IGK,IGKV3-20*01,None,IGKJ1*01,IGKC,None,TRUE,CQQYGSSPPTF,TGTCAGCAGTATGGTAGCTCACCTCCGACGTTC,15,15,None,None
P104_CD3--GTCACAATCAATACCG,TRUE,GTCACAATCAATACCG-1_15819,TRUE,None,IGH,IGHV4-34*01,IGHD2-8*01,IGHJ6*04,IGHM,None,TRUE,CARGRKVYYYYYYMDVW,TGTGCGAGAGGCCGCAAGGTCTACTACTACTACTACTACATGGACGTCTGG,2,2,None,None
P104_CD3--CGAACATTCCGTAGTA,TRUE,CGAACATTCCGTAGTA-1_343,TRUE,None,IGK,IGKV3-11*01,None,IGKJ5*01,IGKC,None,TRUE,CQQRSNWPPITF,TGTCAGCAGCGTAGCAACTGGCCTCCGATCACCTTC,8.86,8.86,None,None
P104_CD3--ACACTGACAGGCTGAA,TRUE,ACACTGACAGGCTGAA-1_4190,TRUE,None,IGL,IGLV4-69*01,None,IGLJ3*02,None,None,FALSE,CQTWGTGIQVF,TGTCAGACCTGGGGCACTGGCATTCAAGTGTTC,8.33,8.33,None,None
P104_CD3--TTGGCAAGTGGGTCAA,TRUE,TTGGCAAGTGGGTCAA-1_2981,TRUE,None,IGH,IGHV1-8*01,IGHD3-9*01,IGHJ4*02,None,None,TRUE,CARALVGWSVGYW,TGTGCGAGGGCTTTGGTTGGCTGGTCGGTTGGGTACTGG,3,3,None,None
P104_CD3--TTGGCAAGTGGGTCAA,TRUE,TTGGCAAGTGGGTCAA-1_167,TRUE,None,IGK,IGKV1-5*03,None,IGKJ3*01,IGKC,None,TRUE,CQQYNSYPFTF,TGCCAACAGTATAATAGTTACCCATTCACTTTC,7.3,7.3,None,None
P104_CD3--AGGGAGTCACATTAGC,TRUE,AGGGAGTCACATTAGC-1_2425,TRUE,None,IGH,IGHV4-34*13,IGHD2-21*02,IGHJ4*02,IGHD,None,TRUE,CARGPSTPGDYW,TGTGCGAGAGGCCCGAGCACCCCGGGTGACTACTGG,5.89,5.89,None,None
P104_CD3--ATTATCCCAGCTGTGC,TRUE,ATTATCCCAGCTGTGC-1_55,TRUE,None,IGK,IGKV3-11*01,None,IGKJ1*01,IGKC,None,TRUE,CQQRSNWPWTF,TGTCAGCAGCGTAGCAACTGGCCGTGGACGTTC,4.85,4.85,None,None
P104_CD3--CACTCCAAGGATGTAT,TRUE,CACTCCAAGGATGTAT-1_116,TRUE,None,IGK,IGKV1-12*01,None,IGKJ4*01,IGKC,None,TRUE,CQQANSFPLTF,TGTCAACAGGCTAACAGTTTCCCTCTCACTTTC,15,15,None,None
P104_CD3--CTGAAGTTCACTTACT,TRUE,CTGAAGTTCACTTACT-1_618,TRUE,None,IGH,IGHV4-34*01,IGHD3-10*01,IGHJ3*02,None,None,TRUE,CAHDNYGSGSDAFDIW,TGTGCGCACGACAACTATGGTTCCGGGTCGGATGCTTTTGATATCTGG,3.98,3.98,None,None
P104_CD3--CTGAAGTTCACTTACT,TRUE,CTGAAGTTCACTTACT-1_187,TRUE,None,IGK,IGKV1-27*01,None,IGKJ5*01,IGKC,None,TRUE,CQKYNSAPTF,TGTCAAAAGTATAACAGTGCCCCCACCTTC,23.37,23.37,None,None
P104_CD3--GTACGTATCATCATTC,TRUE,GTACGTATCATCATTC-1_14310,TRUE,None,IGK,IGKV1-5*01,None,IGKJ2*01,IGKC,None,FALSE,CQQYNSYSYTF,TGCCAACAGTATAATAGTTATTCCTACACTTTT,8,8,None,None
P104_CD3--CTGAAACAGGTGCTAG,TRUE,CTGAAACAGGTGCTAG-1_110,TRUE,None,IGK,IGKV2-28*01,None,IGKJ2*01,IGKC,None,TRUE,CMQALQTPYTF,TGCATGCAAGCTCTACAAACTCCGTACACTTTT,10.36,10.36,None,None
P104_CD3--GCATGATAGGCTCATT,TRUE,GCATGATAGGCTCATT-1_56,TRUE,None,IGK,IGKV1-5*03,None,IGKJ1*01,IGKC,None,TRUE,CQQYNSYPWTF,TGCCAACAGTATAATAGTTATCCTTGGACGTTC,9.79,9.79,None,None
P104_CD3--AACTGGTCAATCAGAA,TRUE,AACTGGTCAATCAGAA-1_1021,TRUE,None,IGH,IGHV4-34*01,IGHD4-23*01,IGHJ3*02,None,None,TRUE,CARGDSQGITVLKHAFDIW,TGTGCTAGAGGCGATAGCCAAGGGATTACGGTGTTAAAGCATGCTTTTGATATCTGG,1,1,None,None
P104_CD3--AACTGGTCAATCAGAA,TRUE,AACTGGTCAATCAGAA-1_131,TRUE,None,IGK,IGKV1-5*03,None,IGKJ2*01,IGKC,None,TRUE,CQQYNSYLYTF,TGCCAACAGTATAATAGTTATCTGTACACTTTT,7.67,7.67,None,None
P104_CD3--AAAGCAAGTAGTAGTA,TRUE,AAAGCAAGTAGTAGTA-1_5004,TRUE,None,IGH,IGHV3-7*03,IGHD4-17*01,IGHJ4*02,None,None,TRUE,CARDMAYGDLDYW,TGTGCGAGAGATATGGCCTACGGTGACCTTGACTACTGG,3.23,3.23,None,None
P104_CD3--AAAGCAAGTAGTAGTA,TRUE,AAAGCAAGTAGTAGTA-1_1072,TRUE,None,IGK,IGKV1-5*03,None,IGKJ2*01,None,None,TRUE,CQQYNSYLYTF,TGCCAACAGTATAATAGTTACCTGTACACTTTT,4.33,4.33,None,None
P104_CD3--GCGAGAACACTACAGT,TRUE,GCGAGAACACTACAGT-1_1162,TRUE,None,IGH,IGHV4-34*01,IGHD4-17*01,IGHJ4*01,IGHM,None,TRUE,CARGERPPKSGALEYYFDYW,TGTGCGAGAGGGGAGCGTCCCCCCAAATCGGGCGCGCTGGAGTACTACTTTGACTACTGG,3.62,3.62,None,None
P104_CD3--GCGAGAACACTACAGT,TRUE,GCGAGAACACTACAGT-1_67,TRUE,None,IGK,IGKV1-39*01,None,IGKJ1*01,IGKC,None,TRUE,CQQSYSTPRTF,TGTCAACAGAGTTACAGTACCCCTCGGACGTTC,15.52,15.52,None,None
P104_CD3--GTCTCGTGTCTCGTTC,TRUE,GTCTCGTGTCTCGTTC-1_285,TRUE,None,IGK,IGKV3-20*01,None,IGKJ3*01,None,None,TRUE,CQQYGSSLRGF,TGTCAGCAGTATGGTAGCTCACTCAGGGGTTTC,2.64,2.64,None,None
P104_CD3--AAACCTGTCCAGTATG,TRUE,AAACCTGTCCAGTATG-1_2329,TRUE,None,IGH,IGHV3-23*01,IGHD3-10*01,IGHJ4*02,IGHM,None,TRUE,CAKDPREGSGDYW,TGTGCGAAAGATCCGCGGGAGGGTTCGGGGGACTACTGG,4.44,4.44,None,None
P104_CD3--AAACCTGTCCAGTATG,TRUE,AAACCTGTCCAGTATG-1_3391,TRUE,None,IGL,IGLV6-57*02,None,IGLJ3*02,IGLC2,None,TRUE,CQSYDSSIPWVF,TGTCAGTCTTATGATAGCAGCATCCCTTGGGTGTTC,12.06,12.06,None,None
P104_CD3--AAGCCGCGTCTAAAGA,TRUE,AAGCCGCGTCTAAAGA-1_124,TRUE,None,IGK,IGKV1-33*01,None,IGKJ2*01,IGKC,None,TRUE,CQQYDNLPYTF,TGTCAACAGTATGATAATCTCCCGTACACTTTT,6.42,6.42,None,None
P104_CD3--ACCAGTATCCTCCTAG,TRUE,ACCAGTATCCTCCTAG-1_20106,TRUE,None,IGH,IGHV3-48*02,IGHD6-6*01,IGHJ4*02,IGHA1,None,TRUE,CARRSPKSSIAARPANYFDYW,TGTGCGAGACGGTCCCCAAAATCGAGTATAGCAGCTCGTCCAGCGAACTACTTTGACTACTGG,2,2,None,None
P104_CD3--CTGAAGTCACCGTTGG,TRUE,CTGAAGTCACCGTTGG-1_4419,TRUE,None,IGH,IGHV5-10-1*03,IGHD1-26*01,IGHJ4*02,IGHM,None,TRUE,CARVAVGATSPFCDYW,TGTGCGAGAGTGGCAGTGGGAGCTACTAGCCCCTTTTGTGACTACTGG,3.46,3.46,None,None
P104_CD3--TACTCGCTCACCATAG,TRUE,TACTCGCTCACCATAG-1_34926,TRUE,None,IGK,IGKV2-28*01,None,IGKJ2*01,IGKC,None,TRUE,CMQALQTLLYTF,TGCATGCAAGCTCTACAAACTCTTCTGTACACTTTT,1,1,None,None
P104_CD3--TTTGCGCCATGGTCAT,TRUE,TTTGCGCCATGGTCAT-1_11503,TRUE,None,IGH,IGHV1-69*04,IGHD6-19*01,IGHJ3*02,IGHM,None,TRUE,CASDRERAGPGIAVAGFDAFDIW,TGTGCGAGCGATCGAGAGAGGGCCGGACCGGGTATAGCAGTGGCTGGGTTTGATGCTTTTGATATCTGG,2.96,2.96,None,None
P104_CD3--TTTGCGCCATGGTCAT,TRUE,TTTGCGCCATGGTCAT-1_3444,TRUE,None,IGL,IGLV1-47*01,None,IGLJ1*01,None,None,TRUE,CAAWDDSLSGYVF,TGTGCAGCATGGGATGACAGCCTGAGTGGTTATGTCTTC,1.31,1.31,None,None
P104_CD3--CGACCTTAGGACAGAA,TRUE,CGACCTTAGGACAGAA-1_12094,TRUE,None,IGK,None,None,IGKJ2*03,IGKC,None,TRUE,CQQANSFPAF,TGTCAACAGGCTAACAGTTTCCCGGCTTTT,7,7,None,None
P104_CD3--CACTCCACAGCTGGCT,TRUE,CACTCCACAGCTGGCT-1_5386,TRUE,None,IGH,IGHV3-11*01,IGHD6-19*01,IGHJ4*02,None,None,TRUE,CAREVPYSSGSREFDYW,TGTGCGAGAGAGGTGCCCTATAGCAGTGGCTCAAGGGAGTTTGACTACTGG,1.29,1.29,None,None
P104_CD3--CACTCCACAGCTGGCT,TRUE,CACTCCACAGCTGGCT-1_969,TRUE,None,IGL,IGLV3-19*01,None,IGLJ2*01,IGLC2,None,TRUE,CNSRDSSGNHVVF,TGTAACTCCCGGGACAGCAGTGGTAACCATGTGGTATTC,4,4,None,None
